Student_ID,Study_Hours_Per_Day,Attendance_Percentage,Sleep_Hours_Per_Night,Previous_Class_Score,End_Examination_Mark
STU_0001,2.1,79.9,7.6,73.1,61.2
STU_0002,1.7,87.5,7.0,72.2,69.1
STU_0003,2.2,81.4,5.8,80.9,70.4
STU_0004,2.7,83.7,6.5,61.8,66.0
STU_0005,1.6,100.0,6.9,51.4,60.9
STU_0006,1.6,97.4,5.7,73.3,70.0
STU_0007,2.7,75.0,6.4,74.7,62.1
STU_0008,2.2,93.1,7.7,88.6,79.4
STU_0009,1.5,92.9,8.4,56.9,56.0
STU_0010,2.1,76.2,6.7,84.8,72.3
STU_0011,1.5,93.0,7.8,98.7,77.5
STU_0012,1.5,99.1,5.4,67.2,59.5
STU_0013,1.9,76.5,7.7,56.7,57.3
STU_0014,0.6,78.2,6.4,66.8,46.1
STU_0015,0.8,94.7,7.4,71.7,58.9
STU_0016,1.4,88.3,6.9,78.0,66.7
STU_0017,1.2,90.7,8.3,64.7,63.7
STU_0018,2.0,88.9,6.3,89.4,70.7
STU_0019,1.2,89.3,7.7,58.7,60.1
STU_0020,0.9,74.7,6.8,51.5,39.4
STU_0021,2.7,94.9,7.0,84.2,80.7
STU_0022,1.7,95.9,6.9,45.3,54.2
STU_0023,1.8,84.1,6.3,69.2,63.7
STU_0024,0.9,85.6,7.1,100.0,73.2
STU_0025,1.5,73.0,7.0,71.4,50.5
STU_0026,1.9,90.4,7.3,58.6,60.1
STU_0027,1.1,90.9,7.2,70.8,61.6
STU_0028,2.0,85.5,7.8,70.9,74.8
STU_0029,1.4,95.6,7.9,73.3,63.8
STU_0030,1.6,83.2,6.2,79.1,71.5
STU_0031,1.4,90.8,7.9,59.6,65.6
STU_0032,2.9,77.3,6.0,90.9,78.5
STU_0033,1.8,85.8,7.6,74.3,66.4
STU_0034,1.2,84.5,7.7,79.9,62.8
STU_0035,2.3,87.9,5.4,64.3,59.9
STU_0036,1.1,82.9,7.2,86.3,61.6
STU_0037,1.9,84.9,6.7,68.5,64.1
STU_0038,0.6,93.0,6.4,74.7,62.8
STU_0039,1.0,82.3,8.3,60.8,53.8
STU_0040,1.9,72.3,6.5,60.0,51.0
STU_0041,2.2,100.0,6.4,79.4,69.0
STU_0042,1.9,97.7,7.2,66.4,68.0
STU_0043,1.7,75.0,7.7,61.7,59.8
STU_0044,1.6,91.9,7.0,64.1,62.3
STU_0045,0.9,81.7,8.1,79.5,61.7
STU_0046,1.4,88.2,7.6,64.3,59.7
STU_0047,1.5,88.5,5.1,70.1,57.6
STU_0048,2.4,84.0,6.6,71.7,69.1
STU_0049,2.0,79.3,6.6,49.5,56.7
STU_0050,0.7,80.1,7.5,54.6,49.8
STU_0051,2.0,78.2,4.7,75.4,62.8
STU_0052,1.6,78.9,9.4,63.0,63.9
STU_0053,1.4,85.4,7.6,83.7,68.7
STU_0054,2.2,79.9,7.2,82.6,76.6
STU_0055,2.4,91.8,8.2,79.8,77.6
STU_0056,2.3,98.6,9.2,92.4,87.6
STU_0057,1.3,81.1,7.9,70.5,63.1
STU_0058,1.6,88.0,8.0,79.0,63.2
STU_0059,2.0,90.2,7.2,64.8,69.2
STU_0060,2.4,90.0,7.0,99.7,83.2
STU_0061,1.5,86.6,6.7,94.3,72.3
STU_0062,1.7,92.3,6.4,71.6,66.1
STU_0063,1.1,90.1,6.5,75.9,61.1
STU_0064,1.1,75.5,5.9,87.1,63.5
STU_0065,2.3,93.4,7.0,69.8,68.4
STU_0066,2.6,93.5,5.6,63.9,72.0
STU_0067,1.7,79.5,7.3,81.6,67.5
STU_0068,2.4,86.3,7.1,72.4,69.5
STU_0069,2.0,91.8,7.2,73.6,66.6
STU_0070,1.4,84.2,6.6,61.9,58.2
STU_0071,2.0,95.1,9.9,51.7,65.0
STU_0072,2.7,100.0,8.3,74.2,79.4
STU_0073,1.8,79.3,6.0,81.9,63.9
STU_0074,2.7,74.3,7.3,68.9,58.3
STU_0075,0.3,88.6,6.6,88.0,62.7
STU_0076,2.3,92.1,6.2,63.4,70.6
STU_0077,1.8,84.0,5.9,59.4,55.4
STU_0078,1.6,98.4,7.5,70.7,71.7
STU_0079,1.8,74.6,6.5,70.6,56.7
STU_0080,0.6,91.9,8.0,80.4,62.5
STU_0081,1.7,80.9,8.0,62.6,59.9
STU_0082,2.0,100.0,8.3,87.2,74.2
STU_0083,2.7,100.0,6.3,94.1,87.0
STU_0084,1.5,79.5,7.5,71.0,59.8
STU_0085,1.3,81.3,7.7,85.9,65.1
STU_0086,1.5,93.3,6.7,59.4,62.2
STU_0087,2.3,82.7,6.4,83.9,67.3
STU_0088,2.0,85.6,8.5,83.5,69.3
STU_0089,1.5,86.2,7.3,81.4,67.6
STU_0090,2.1,69.7,7.7,71.3,59.8
STU_0091,1.8,85.9,6.4,40.0,52.8
STU_0092,2.4,80.1,6.0,64.1,63.4
STU_0093,1.4,81.8,6.6,64.3,65.5
STU_0094,1.6,98.3,7.0,60.3,61.2
STU_0095,1.6,75.3,6.1,72.9,60.2
STU_0096,0.9,92.9,7.1,66.7,55.7
STU_0097,2.0,83.6,5.6,62.0,61.0
STU_0098,1.9,83.6,6.1,59.3,61.2
STU_0099,1.8,92.7,7.7,63.3,68.0
STU_0100,1.6,88.9,7.6,84.4,66.2
STU_0101,0.9,90.9,6.7,63.9,55.2
STU_0102,1.5,94.2,6.2,65.6,62.7
STU_0103,1.6,83.2,6.2,66.2,61.7
STU_0104,1.3,80.8,6.8,75.4,61.8
STU_0105,1.7,76.8,7.7,76.7,67.3
STU_0106,2.0,79.0,7.9,40.0,50.9
STU_0107,2.9,100.0,6.7,83.2,86.2
STU_0108,1.9,96.6,6.1,88.0,77.2
STU_0109,1.9,74.5,7.3,59.4,48.9
STU_0110,1.7,74.8,6.4,60.3,47.5
STU_0111,0.6,90.1,6.6,66.3,51.2
STU_0112,1.8,90.7,8.3,62.8,66.5
STU_0113,1.8,90.7,7.8,74.1,64.7
STU_0114,3.3,83.8,7.2,49.1,66.3
STU_0115,1.7,84.9,6.0,58.6,59.0
STU_0116,2.0,88.8,7.3,89.2,75.2
STU_0117,1.8,86.7,8.1,60.8,63.3
STU_0118,1.1,67.1,6.8,85.8,52.4
STU_0119,2.5,84.0,8.3,75.6,75.6
STU_0120,2.2,78.8,8.3,50.7,58.0
STU_0121,2.3,87.5,8.6,78.8,73.8
STU_0122,1.2,100.0,7.4,70.1,64.5
STU_0123,2.6,89.1,7.6,66.3,71.2
STU_0124,0.9,83.3,8.4,74.3,61.0
STU_0125,2.1,93.8,7.5,77.0,70.1
STU_0126,3.1,90.1,6.6,79.6,78.3
STU_0127,1.2,89.6,6.7,85.0,66.9
STU_0128,1.4,91.2,7.3,76.2,61.7
STU_0129,1.8,100.0,5.9,55.7,59.0
STU_0130,1.5,76.4,7.0,66.1,59.9
STU_0131,0.9,90.0,8.1,100.0,68.9
STU_0132,1.8,78.1,5.1,79.8,63.7
STU_0133,1.1,90.7,8.5,98.7,78.2
STU_0134,2.1,78.2,8.1,87.5,70.4
STU_0135,1.2,82.5,6.7,74.3,64.9
STU_0136,2.7,83.5,7.6,75.0,73.6
STU_0137,1.3,94.3,7.1,71.1,64.6
STU_0138,1.6,93.8,8.2,51.5,57.3
STU_0139,2.3,75.4,8.0,71.7,71.1
STU_0140,1.0,86.5,5.8,85.4,64.9
STU_0141,1.9,80.0,7.6,64.6,60.3
STU_0142,2.6,75.3,6.9,76.2,67.6
STU_0143,0.8,84.2,7.2,81.3,57.3
STU_0144,1.9,83.4,6.4,61.0,61.0
STU_0145,1.9,100.0,8.7,66.3,71.0
STU_0146,2.3,89.7,8.0,59.8,68.4
STU_0147,1.0,74.3,6.4,62.0,45.6
STU_0148,1.0,81.2,5.9,56.7,47.1
STU_0149,2.1,94.7,6.8,61.1,63.0
STU_0150,2.0,100.0,7.5,87.8,81.0
STU_0151,1.9,72.5,7.3,61.0,51.7
STU_0152,2.0,70.0,8.2,73.0,60.1
STU_0153,1.4,100.0,7.8,65.7,60.8
STU_0154,1.9,89.3,8.0,85.1,74.9
STU_0155,2.0,78.6,7.4,86.6,70.8
STU_0156,1.4,90.5,5.8,81.4,69.1
STU_0157,2.9,63.6,6.9,75.0,66.6
STU_0158,2.1,86.0,8.1,68.8,66.5
STU_0159,1.1,88.8,7.1,57.8,54.6
STU_0160,2.2,93.9,7.6,93.9,78.8
STU_0161,1.2,77.4,6.8,62.8,50.7
STU_0162,2.3,86.7,6.2,79.1,69.0
STU_0163,2.5,78.1,7.0,83.7,74.8
STU_0164,1.3,88.2,7.4,65.1,60.9
STU_0165,2.4,78.4,6.5,83.4,73.2
STU_0166,2.0,82.5,6.9,80.3,68.8
STU_0167,2.3,77.5,6.3,91.4,77.6
STU_0168,2.9,91.5,8.1,66.1,74.4
STU_0169,1.6,93.3,6.8,56.7,61.1
STU_0170,1.3,84.0,8.4,65.7,55.2
STU_0171,1.3,86.3,8.5,73.9,52.8
STU_0172,1.3,73.7,7.0,72.2,54.0
STU_0173,1.7,83.5,6.2,67.0,56.9
STU_0174,2.0,85.6,5.2,49.5,50.1
STU_0175,2.0,100.0,5.8,76.9,69.8
STU_0176,2.3,76.5,5.9,94.2,80.0
STU_0177,1.8,98.4,8.3,76.8,73.3
STU_0178,2.7,94.5,7.2,78.5,77.9
STU_0179,1.6,88.4,7.5,78.1,70.3
STU_0180,3.4,100.0,5.1,76.1,76.9
STU_0181,2.2,89.2,6.0,82.2,71.0
STU_0182,1.3,89.3,7.9,76.0,68.6
STU_0183,1.1,85.5,7.4,67.9,55.6
STU_0184,2.1,96.4,7.0,62.3,67.1
STU_0185,1.7,95.3,7.6,68.6,61.6
STU_0186,2.2,80.7,8.6,75.1,71.5
STU_0187,2.1,74.8,6.9,67.9,58.2
STU_0188,1.7,84.3,7.2,75.1,71.1
STU_0189,1.3,79.2,7.3,76.6,57.9
STU_0190,0.9,85.5,9.3,81.1,63.6
STU_0191,1.5,96.5,5.2,86.3,67.3
STU_0192,2.3,82.1,7.7,72.4,70.7
STU_0193,1.9,85.6,7.0,56.5,60.3
STU_0194,1.0,86.5,7.6,67.5,55.6
STU_0195,1.9,93.2,6.5,72.0,65.6
STU_0196,2.0,66.9,7.1,50.4,51.8
STU_0197,1.3,80.8,7.7,87.5,67.9
STU_0198,1.9,87.8,9.9,73.1,72.1
STU_0199,1.8,96.2,7.8,75.9,70.2
STU_0200,1.1,81.8,6.3,87.2,61.2
STU_0201,2.0,70.0,6.7,64.3,56.8
STU_0202,2.1,91.3,6.7,78.1,72.8
STU_0203,2.4,80.6,5.5,70.2,73.3
STU_0204,2.4,75.9,6.8,69.4,63.6
STU_0205,1.0,80.7,7.8,62.6,57.9
STU_0206,1.2,84.4,6.0,90.7,63.3
STU_0207,2.1,80.9,8.0,67.2,66.6
STU_0208,2.1,67.3,7.5,79.5,64.5
STU_0209,2.1,93.6,6.4,49.9,53.3
STU_0210,4.1,96.8,7.0,85.1,90.6
STU_0211,2.1,91.5,8.5,83.6,74.3
STU_0212,2.5,76.3,7.8,72.6,68.1
STU_0213,2.4,84.3,7.1,68.9,69.8
STU_0214,2.2,85.9,6.9,76.1,73.6
STU_0215,1.6,91.1,7.2,97.8,75.9
STU_0216,2.2,91.7,6.6,51.2,61.3
STU_0217,1.3,79.8,5.2,80.5,57.5
STU_0218,1.6,86.7,8.9,61.0,62.1
STU_0219,1.5,89.9,7.2,71.3,60.9
STU_0220,1.8,98.4,7.5,68.6,70.9
STU_0221,3.2,92.0,7.0,66.6,76.3
STU_0222,0.7,92.7,6.4,71.4,58.8
STU_0223,2.2,86.7,6.9,58.5,60.6
STU_0224,0.8,98.0,5.7,83.3,62.2
STU_0225,1.5,89.5,9.1,50.9,57.4
STU_0226,2.4,78.7,6.0,77.7,65.1
STU_0227,1.8,97.9,6.2,67.7,60.3
STU_0228,1.1,91.9,6.7,58.0,53.5
STU_0229,1.4,82.2,8.3,73.8,65.7
STU_0230,2.2,81.9,7.1,53.6,58.2
STU_0231,1.3,88.5,6.0,72.0,58.0
STU_0232,1.9,89.9,8.2,55.1,59.3
STU_0233,1.8,87.7,7.8,76.8,67.7
STU_0234,1.4,88.6,7.6,60.9,58.2
STU_0235,3.1,100.0,7.7,66.3,83.7
STU_0236,2.2,95.1,9.3,74.9,78.1
STU_0237,0.6,87.6,9.1,62.6,58.6
STU_0238,1.9,94.0,6.5,70.8,70.5
STU_0239,1.4,77.2,8.6,54.1,52.2
STU_0240,2.3,89.4,7.4,78.8,69.9
STU_0241,1.3,100.0,7.5,91.8,70.5
STU_0242,1.7,84.1,5.6,100.0,78.4
STU_0243,2.1,78.8,6.9,72.5,64.8
STU_0244,2.3,80.5,6.4,80.6,67.3
STU_0245,1.1,76.7,7.8,51.0,49.1
STU_0246,1.6,79.3,8.1,88.8,70.4
STU_0247,1.5,82.9,5.2,80.4,60.1
STU_0248,1.4,74.1,7.1,65.9,52.2
STU_0249,2.8,86.1,8.1,85.7,78.0
STU_0250,2.0,93.7,6.9,68.6,69.4
STU_0251,1.0,78.3,7.8,66.2,54.5
STU_0252,2.3,98.9,7.4,77.0,74.5
STU_0253,3.1,90.3,7.4,59.3,73.8
STU_0254,2.4,94.8,6.9,83.2,74.8
STU_0255,0.9,80.4,6.0,59.4,49.2
STU_0256,1.5,93.3,6.1,59.4,60.2
STU_0257,2.5,76.7,7.7,61.0,62.7
STU_0258,1.4,93.6,7.1,80.2,66.6
STU_0259,2.1,87.5,7.0,64.4,66.7
STU_0260,2.3,90.7,6.7,56.0,69.6
STU_0261,1.2,76.0,6.8,64.5,57.2
STU_0262,1.7,78.4,8.0,71.1,65.5
STU_0263,0.3,91.1,6.8,57.9,50.6
STU_0264,1.2,77.9,5.9,58.3,48.8
STU_0265,1.6,89.9,7.8,95.8,76.3
STU_0266,1.0,74.4,6.9,61.6,46.3
STU_0267,2.8,93.2,7.1,67.8,74.2
STU_0268,0.9,75.5,8.5,67.3,56.7
STU_0269,1.5,90.7,7.1,66.7,63.4
STU_0270,1.9,91.3,7.4,78.6,69.9
STU_0271,2.7,80.1,6.0,82.4,74.5
STU_0272,0.9,90.9,6.9,68.0,54.3
STU_0273,2.5,88.2,7.6,57.3,65.1
STU_0274,1.8,81.4,5.7,86.2,73.1
STU_0275,1.2,77.4,7.3,70.4,59.8
STU_0276,2.1,69.3,7.2,91.4,66.6
STU_0277,1.9,89.0,7.1,45.7,61.8
STU_0278,1.4,72.7,8.0,73.7,51.5
STU_0279,1.8,86.8,7.4,93.6,72.1
STU_0280,1.6,83.8,8.4,67.4,68.6
STU_0281,1.9,91.8,6.2,68.9,65.5
STU_0282,2.2,83.4,7.2,74.9,68.9
STU_0283,2.7,83.2,7.2,65.1,65.7
STU_0284,1.0,92.2,6.1,67.9,59.3
STU_0285,3.1,88.8,8.0,67.6,77.3
STU_0286,0.6,88.7,9.2,64.3,53.3
STU_0287,1.7,90.0,7.1,85.6,71.2
STU_0288,2.1,72.9,7.6,76.8,60.8
STU_0289,2.0,92.4,7.2,74.4,70.6
STU_0290,1.4,91.2,6.5,80.8,63.4
STU_0291,1.7,77.4,5.5,68.5,63.3
STU_0292,1.5,83.9,6.5,62.6,61.0
STU_0293,1.4,85.7,5.8,64.6,56.7
STU_0294,2.3,84.9,8.6,71.5,70.4
STU_0295,2.0,88.8,7.0,59.3,62.0
STU_0296,1.4,98.2,6.8,65.7,60.0
STU_0297,2.3,95.2,7.9,65.6,68.6
STU_0298,2.0,74.8,6.1,95.9,66.8
STU_0299,2.3,91.3,6.4,40.0,61.3
STU_0300,2.2,97.3,7.2,69.4,73.2
STU_0301,1.3,89.3,8.0,91.3,74.7
STU_0302,1.4,95.3,7.6,72.9,66.9
STU_0303,2.2,100.0,7.3,80.2,72.3
STU_0304,2.2,94.7,7.2,72.6,71.0
STU_0305,1.8,88.1,7.5,63.8,66.2
STU_0306,1.9,94.9,7.3,45.7,53.9
STU_0307,2.6,87.2,6.2,73.9,73.7
STU_0308,1.4,86.2,7.1,62.6,65.7
STU_0309,2.1,83.0,6.1,62.3,65.2
STU_0310,1.7,99.3,7.2,65.8,69.7
STU_0311,1.7,79.0,6.7,91.6,71.8
STU_0312,2.4,99.0,9.4,99.2,90.5
STU_0313,2.3,90.2,7.1,74.0,69.2
STU_0314,2.3,74.1,5.8,66.2,59.2
STU_0315,2.6,89.1,7.0,58.0,68.5
STU_0316,1.8,68.1,7.6,76.9,59.4
STU_0317,2.2,91.3,8.6,92.0,84.3
STU_0318,1.6,93.5,6.6,68.7,62.2
STU_0319,2.0,81.0,5.7,44.1,52.1
STU_0320,1.7,87.1,7.8,79.2,69.4
STU_0321,1.8,100.0,5.9,82.8,68.7
STU_0322,2.1,81.7,6.7,53.3,59.4
STU_0323,1.3,77.0,6.9,73.5,55.1
STU_0324,3.0,98.6,7.0,76.7,82.7
STU_0325,1.2,100.0,7.7,70.7,64.6
STU_0326,1.1,86.0,6.5,62.4,54.0
STU_0327,2.5,94.6,6.9,83.2,75.0
STU_0328,2.3,97.4,7.1,66.9,69.3
STU_0329,2.2,79.7,7.2,54.4,62.2
STU_0330,2.2,81.9,7.2,47.9,59.6
STU_0331,1.8,96.5,7.5,86.0,72.3
STU_0332,1.2,100.0,7.9,78.6,65.5
STU_0333,1.8,90.8,7.5,72.5,69.5
STU_0334,1.4,78.5,7.5,66.4,57.0
STU_0335,2.4,100.0,5.7,65.4,69.0
STU_0336,1.7,81.5,7.1,59.1,58.9
STU_0337,1.3,83.2,7.5,66.5,60.4
STU_0338,1.6,88.9,7.8,47.1,57.9
STU_0339,2.0,99.2,6.5,63.0,61.8
STU_0340,1.4,93.3,6.5,67.9,56.0
STU_0341,1.3,89.5,6.6,78.5,63.0
STU_0342,1.9,89.9,7.6,71.0,73.0
STU_0343,1.9,86.4,8.0,80.6,77.5
STU_0344,1.5,90.7,6.7,87.0,75.7
STU_0345,1.5,64.5,7.9,83.7,58.1
STU_0346,1.9,83.5,7.2,76.9,62.8
STU_0347,0.9,88.1,7.0,71.6,52.0
STU_0348,0.9,76.2,6.9,60.2,49.6
STU_0349,1.4,89.3,7.8,80.0,67.1
STU_0350,1.7,84.3,7.4,90.8,76.8
STU_0351,2.0,100.0,9.1,75.4,77.0
STU_0352,2.7,99.4,6.3,93.5,84.3
STU_0353,2.3,82.0,7.6,54.0,59.1
STU_0354,1.7,84.7,6.6,58.2,55.4
STU_0355,1.8,85.4,6.3,81.3,69.2
STU_0356,1.2,82.2,7.1,74.5,63.4
STU_0357,1.8,87.7,7.2,86.6,73.6
STU_0358,1.6,79.6,9.7,71.3,62.8
STU_0359,2.0,76.4,6.9,61.5,62.5
STU_0360,1.3,91.3,6.1,69.0,61.8
STU_0361,2.1,91.4,7.3,53.9,58.7
STU_0362,2.7,79.2,5.2,58.5,56.2
STU_0363,1.7,93.6,7.0,82.7,73.1
STU_0364,2.0,80.6,7.1,81.5,69.4
STU_0365,2.2,88.2,7.8,75.7,76.5
STU_0366,1.5,93.0,8.0,51.7,59.1
STU_0367,1.9,85.7,6.6,67.4,62.4
STU_0368,1.8,89.9,7.0,57.4,60.3
STU_0369,1.8,81.6,6.4,85.0,69.5
STU_0370,1.3,84.3,6.1,64.8,55.0
STU_0371,1.8,84.3,7.4,59.0,57.6
STU_0372,2.1,79.7,6.0,71.8,67.3
STU_0373,2.7,84.5,6.7,64.1,71.0
STU_0374,2.4,72.8,6.2,88.6,69.1
STU_0375,3.1,81.8,7.6,63.0,76.3
STU_0376,1.3,83.6,8.7,55.4,54.9
STU_0377,2.3,83.8,5.9,46.7,62.0
STU_0378,1.9,83.9,5.4,71.1,56.3
STU_0379,3.1,85.5,7.0,65.0,69.5
STU_0380,1.3,90.1,7.1,55.1,50.4
STU_0381,1.3,93.4,7.3,85.2,68.0
STU_0382,1.4,80.5,6.7,79.2,62.5
STU_0383,0.5,75.8,6.9,71.2,54.5
STU_0384,1.5,77.1,7.4,87.2,69.0
STU_0385,1.3,81.9,8.0,79.1,61.6
STU_0386,1.9,83.0,5.3,62.0,53.6
STU_0387,2.0,79.5,6.8,59.5,59.1
STU_0388,2.9,75.0,7.3,80.9,70.5
STU_0389,2.4,82.1,6.3,76.1,67.3
STU_0390,1.4,87.5,8.7,73.5,63.4
STU_0391,1.2,91.1,6.5,61.8,61.5
STU_0392,2.1,81.3,7.1,78.5,70.3
STU_0393,1.0,82.5,7.6,62.8,57.6
STU_0394,2.9,78.1,6.6,70.3,66.6
STU_0395,2.5,85.7,5.4,88.1,74.7
STU_0396,1.5,78.8,6.7,63.9,61.8
STU_0397,0.8,90.9,8.0,53.4,46.5
STU_0398,2.6,70.8,6.8,59.4,54.8
STU_0399,1.7,82.9,6.3,82.9,69.3
STU_0400,2.5,88.6,7.9,74.4,75.7
STU_0401,0.8,87.6,6.8,70.0,55.1
STU_0402,1.4,100.0,6.6,65.6,61.5
STU_0403,1.8,89.0,7.2,77.1,66.9
STU_0404,1.8,77.5,7.8,61.7,60.8
STU_0405,1.5,85.2,9.2,75.0,70.8
STU_0406,2.2,70.9,7.8,63.1,54.4
STU_0407,1.1,85.3,8.1,61.2,60.0
STU_0408,1.7,78.9,6.6,64.2,57.1
STU_0409,1.9,93.8,6.2,67.2,62.5
STU_0410,2.1,81.3,7.2,70.9,69.1
STU_0411,2.2,85.0,7.2,74.2,72.4
STU_0412,1.1,80.6,6.1,40.0,47.0
STU_0413,0.9,100.0,6.9,62.2,53.6
STU_0414,2.6,83.3,7.5,67.0,68.3
STU_0415,2.0,100.0,7.4,88.8,80.3
STU_0416,1.3,92.9,7.6,59.1,58.8
STU_0417,2.7,90.1,7.4,73.4,71.3
STU_0418,1.9,89.1,6.6,88.7,74.9
STU_0419,2.5,89.3,6.6,56.4,62.5
STU_0420,1.8,69.6,6.0,76.0,61.8
STU_0421,3.0,83.6,8.7,62.3,77.1
STU_0422,2.8,93.2,7.1,65.7,74.2
STU_0423,1.6,85.6,6.9,62.3,63.9
STU_0424,2.4,74.1,6.3,63.1,57.2
STU_0425,2.2,85.6,9.7,100.0,86.2
STU_0426,2.6,100.0,6.1,81.2,82.0
STU_0427,1.2,96.6,6.7,84.2,68.8
STU_0428,2.2,85.5,7.5,77.2,70.7
STU_0429,2.4,94.1,7.6,53.0,59.7
STU_0430,0.7,82.9,8.0,76.0,59.2
STU_0431,1.1,71.5,8.7,83.8,60.7
STU_0432,0.6,78.1,7.6,61.7,53.9
STU_0433,1.6,99.3,6.1,82.6,71.8
STU_0434,2.2,83.7,6.9,79.6,69.6
STU_0435,2.7,83.9,7.4,92.8,75.4
STU_0436,1.8,83.5,9.0,66.7,64.0
STU_0437,2.8,100.0,5.8,58.9,68.4
STU_0438,1.0,99.8,8.2,67.3,61.1
STU_0439,0.8,100.0,7.3,88.0,70.0
STU_0440,1.8,84.6,7.9,50.5,63.4
STU_0441,2.0,88.5,7.0,47.7,57.9
STU_0442,1.8,73.1,6.3,72.5,55.4
STU_0443,0.5,98.6,7.8,66.4,56.3
STU_0444,1.7,76.1,7.7,71.6,63.8
STU_0445,1.0,87.8,8.0,82.4,63.0
STU_0446,2.2,76.7,7.1,65.1,64.2
STU_0447,2.0,81.0,6.6,50.0,57.7
STU_0448,1.2,78.9,5.7,95.0,68.0
STU_0449,1.5,80.8,7.8,60.0,59.5
STU_0450,1.2,81.4,7.5,59.3,56.6
STU_0451,1.7,81.3,6.2,84.2,62.6
STU_0452,2.4,93.1,6.6,67.1,71.1
STU_0453,1.2,76.6,6.7,70.8,56.0
STU_0454,2.1,87.9,5.8,77.1,65.6
STU_0455,1.5,96.4,6.4,84.0,66.5
STU_0456,1.3,81.6,6.1,67.7,59.1
STU_0457,1.7,79.9,6.7,89.0,69.6
STU_0458,1.2,84.0,6.4,46.9,44.2
STU_0459,1.5,96.0,5.6,80.2,68.6
STU_0460,1.1,87.6,8.9,61.8,54.4
STU_0461,3.0,81.5,8.2,87.3,82.3
STU_0462,1.8,90.1,6.4,73.1,66.9
STU_0463,1.4,76.6,7.3,63.8,60.1
STU_0464,1.9,91.8,7.5,79.1,76.6
STU_0465,1.7,89.5,8.2,81.8,67.2
STU_0466,1.7,83.4,6.4,78.9,66.2
STU_0467,2.2,78.9,8.1,59.7,62.6
STU_0468,2.2,78.5,6.6,65.9,65.3
STU_0469,1.5,90.5,5.9,71.5,63.3
STU_0470,1.4,96.4,7.8,71.0,64.4
STU_0471,1.6,80.6,8.3,80.1,66.7
STU_0472,0.4,89.9,9.4,48.3,45.5
STU_0473,0.9,68.3,6.0,75.3,51.8
STU_0474,2.6,81.0,7.7,68.2,71.4
STU_0475,2.8,85.7,6.7,61.9,71.4
STU_0476,1.6,78.3,7.8,63.0,58.7
STU_0477,2.1,78.0,5.8,69.0,61.4
STU_0478,2.0,80.3,6.0,40.0,47.9
STU_0479,3.6,88.5,6.4,63.4,76.7
STU_0480,2.5,84.4,7.2,61.4,63.3
STU_0481,1.7,67.0,6.5,77.6,61.9
STU_0482,1.2,68.0,7.7,62.2,43.9
STU_0483,0.8,80.8,8.0,69.0,57.6
STU_0484,1.9,89.9,7.6,89.2,80.0
STU_0485,1.3,62.6,8.6,82.9,59.1
STU_0486,0.9,81.8,7.5,81.9,63.1
STU_0487,1.4,81.5,6.0,65.8,54.7
STU_0488,1.1,97.8,8.3,77.7,62.8
STU_0489,2.8,82.7,6.6,68.8,73.0
STU_0490,2.3,89.3,7.9,69.2,74.7
STU_0491,1.8,87.2,8.5,76.2,68.3
STU_0492,2.7,67.9,7.5,64.6,56.7
STU_0493,1.8,92.5,5.8,88.7,65.1
STU_0494,1.3,87.8,6.3,69.7,57.3
STU_0495,2.7,90.3,8.3,78.6,77.6
STU_0496,2.1,100.0,6.9,88.2,82.5
STU_0497,1.2,68.3,7.2,83.4,58.2
STU_0498,1.7,100.0,7.8,55.3,62.9
STU_0499,1.3,83.6,7.7,76.6,62.9
STU_0500,1.0,88.4,7.4,81.3,62.7
STU_0501,2.3,85.6,6.9,81.8,77.6
STU_0502,2.9,82.4,6.8,58.7,68.1
STU_0503,0.9,81.2,7.9,63.9,49.1
STU_0504,2.1,88.8,7.6,82.9,71.9
STU_0505,1.4,73.1,6.9,62.7,47.1
STU_0506,1.5,92.4,8.1,68.1,62.9
STU_0507,1.4,82.5,7.0,89.6,70.9
STU_0508,1.3,76.4,6.3,71.0,58.0
STU_0509,1.8,82.2,6.4,63.1,60.0
STU_0510,1.3,96.7,6.2,61.4,62.6
STU_0511,1.9,81.4,6.9,75.3,64.5
STU_0512,1.8,89.0,8.2,56.2,66.8
STU_0513,1.6,79.8,6.4,68.7,58.5
STU_0514,1.2,92.4,7.3,75.3,64.5
STU_0515,1.4,91.8,6.5,86.4,68.4
STU_0516,2.2,100.0,6.9,79.2,75.0
STU_0517,2.1,84.5,5.7,63.3,63.6
STU_0518,1.2,91.7,6.9,85.1,68.9
STU_0519,1.8,86.8,6.9,68.1,61.8
STU_0520,2.2,97.0,7.6,57.3,62.4
STU_0521,0.8,79.9,7.3,69.5,63.4
STU_0522,2.1,92.3,6.0,88.0,73.3
STU_0523,1.4,84.3,8.1,73.4,66.3
STU_0524,2.1,85.5,7.3,71.6,63.2
STU_0525,1.3,86.8,7.3,90.3,69.2
STU_0526,0.7,88.1,7.1,55.0,50.2
STU_0527,0.8,85.0,6.6,56.7,52.2
STU_0528,1.8,87.8,7.3,52.9,50.2
STU_0529,1.9,99.4,7.5,75.8,72.1
STU_0530,1.2,94.4,5.5,73.4,58.0
STU_0531,2.2,93.4,6.6,89.2,78.0
STU_0532,0.8,82.1,6.9,74.3,54.8
STU_0533,1.7,78.4,7.3,66.9,58.9
STU_0534,1.1,94.1,8.2,71.5,62.5
STU_0535,1.4,93.4,6.4,72.9,60.6
STU_0536,1.8,98.5,6.7,52.3,58.3
STU_0537,1.3,80.9,6.6,100.0,68.3
STU_0538,1.6,84.0,6.4,77.5,59.7
STU_0539,2.4,72.1,6.8,73.9,64.8
STU_0540,1.4,82.7,7.8,78.6,61.7
STU_0541,2.3,94.5,6.2,79.7,73.0
STU_0542,1.1,82.0,7.5,69.9,61.4
STU_0543,2.1,91.4,5.6,64.2,62.2
STU_0544,2.7,84.4,6.6,78.4,71.9
STU_0545,0.3,88.8,6.8,75.9,56.7
STU_0546,1.3,76.2,8.6,62.2,60.9
STU_0547,2.1,86.7,6.9,87.8,71.1
STU_0548,1.7,60.6,5.1,74.9,47.1
STU_0549,2.0,84.4,5.3,79.9,58.2
STU_0550,1.4,72.1,7.1,87.5,58.9
STU_0551,1.8,96.3,7.7,71.8,68.8
STU_0552,1.7,92.6,7.4,75.1,65.6
STU_0553,2.5,90.0,7.3,80.8,74.6
STU_0554,1.9,98.9,8.1,63.2,62.7
STU_0555,2.0,77.9,6.6,72.1,65.1
STU_0556,1.5,100.0,7.9,72.9,71.1
STU_0557,1.5,93.9,5.6,60.5,55.1
STU_0558,1.5,84.0,6.3,98.2,71.1
STU_0559,2.0,95.7,5.5,55.3,61.8
STU_0560,1.5,76.6,6.9,56.6,58.3
STU_0561,2.0,79.0,7.1,86.6,67.4
STU_0562,3.0,80.8,7.2,79.7,76.7
STU_0563,2.3,81.5,7.2,59.7,64.4
STU_0564,1.6,77.0,6.3,78.5,63.6
STU_0565,2.5,96.4,6.9,88.4,72.6
STU_0566,1.5,83.8,5.8,71.2,62.4
STU_0567,0.6,89.0,8.3,100.0,75.0
STU_0568,1.2,81.2,6.8,51.7,51.5
STU_0569,0.7,70.5,6.7,79.5,47.4
STU_0570,1.6,88.3,8.5,84.9,70.4
STU_0571,1.8,69.7,6.0,81.8,64.2
STU_0572,2.8,85.4,6.1,69.1,73.5
STU_0573,2.0,74.4,6.1,68.2,57.8
STU_0574,1.7,100.0,7.0,76.6,70.9
STU_0575,2.3,93.7,7.5,80.9,73.6
STU_0576,0.5,86.9,7.8,78.4,58.9
STU_0577,1.9,96.7,9.4,83.5,76.5
STU_0578,2.2,78.8,5.1,59.8,56.7
STU_0579,0.9,90.6,7.6,68.9,63.7
STU_0580,2.5,87.7,6.6,60.7,69.5
STU_0581,2.0,88.2,6.6,67.1,60.8
STU_0582,1.5,96.8,6.5,83.2,70.4
STU_0583,2.2,92.2,6.3,72.7,71.7
STU_0584,3.1,88.5,8.6,100.0,91.9
STU_0585,1.9,71.9,7.9,73.7,57.3
STU_0586,1.9,77.8,7.1,72.2,73.5
STU_0587,1.5,85.0,8.3,72.7,61.2
STU_0588,1.3,86.8,5.7,64.2,53.7
STU_0589,2.3,76.4,5.9,70.8,66.1
STU_0590,1.3,100.0,5.1,84.5,69.5
STU_0591,1.8,98.9,6.5,72.8,65.6
STU_0592,1.5,91.1,7.2,62.4,59.9
STU_0593,2.1,86.6,7.2,60.9,66.9
STU_0594,2.0,84.2,7.2,66.3,64.6
STU_0595,2.4,77.9,5.8,72.3,66.0
STU_0596,1.5,86.7,7.8,85.2,71.7
STU_0597,1.6,88.2,7.3,56.1,59.1
STU_0598,1.2,75.4,7.8,67.8,61.0
STU_0599,1.5,88.8,5.4,73.2,61.7
STU_0600,2.0,84.7,7.4,50.4,59.2
STU_0601,2.2,69.8,6.0,61.9,54.5
STU_0602,1.2,78.7,6.7,63.7,56.2
STU_0603,2.3,82.5,7.6,62.3,66.9
STU_0604,2.6,100.0,7.2,73.7,76.0
STU_0605,2.0,90.7,6.3,69.7,66.3
STU_0606,2.9,74.6,7.1,65.1,66.4
STU_0607,1.3,90.1,5.7,76.4,67.4
STU_0608,1.0,72.8,8.1,91.3,55.6
STU_0609,0.7,95.2,6.9,90.4,66.8
STU_0610,2.7,82.0,8.1,49.4,61.5
STU_0611,2.2,85.2,6.6,78.1,69.6
STU_0612,1.8,97.3,6.6,69.5,67.7
STU_0613,2.0,75.1,6.4,73.3,66.5
STU_0614,1.1,74.1,7.9,66.9,50.3
STU_0615,3.3,81.0,6.5,72.9,70.1
STU_0616,1.9,94.8,7.7,73.2,66.8
STU_0617,1.9,73.1,6.8,64.8,57.0
STU_0618,2.2,61.9,5.3,61.2,37.9
STU_0619,2.1,82.2,6.6,66.3,67.7
STU_0620,1.9,90.7,6.0,74.2,68.6
STU_0621,1.3,96.2,7.1,78.4,70.8
STU_0622,2.1,82.1,6.0,81.3,69.1
STU_0623,2.9,82.5,7.9,65.8,65.7
STU_0624,2.6,95.8,7.0,74.8,76.4
STU_0625,2.7,70.1,6.9,82.6,71.2
STU_0626,1.5,82.7,7.7,84.9,71.7
STU_0627,1.2,87.6,8.0,70.8,60.2
STU_0628,1.7,89.8,7.1,69.0,64.8
STU_0629,1.8,81.7,6.4,73.7,63.0
STU_0630,2.4,86.3,5.5,58.3,60.1
STU_0631,0.8,64.8,6.5,69.3,48.3
STU_0632,2.7,80.4,6.5,80.1,70.5
STU_0633,1.7,89.9,7.2,78.9,66.2
STU_0634,1.5,77.7,6.8,68.4,56.4
STU_0635,1.2,86.5,7.7,74.0,58.4
STU_0636,0.8,89.8,6.5,62.0,54.3
STU_0637,2.3,83.1,7.0,79.6,75.5
STU_0638,1.8,87.4,8.2,70.6,66.3
STU_0639,1.0,77.8,7.4,68.3,52.1
STU_0640,1.0,84.2,7.0,67.3,59.6
STU_0641,1.6,91.2,6.6,70.8,69.3
STU_0642,2.8,87.3,6.5,66.3,68.6
STU_0643,1.6,81.0,6.3,79.1,63.6
STU_0644,0.9,87.9,6.6,67.0,58.0
STU_0645,1.6,92.1,7.8,89.8,78.8
STU_0646,1.6,68.6,6.9,88.3,59.4
STU_0647,0.3,95.9,5.9,61.2,46.3
STU_0648,1.8,83.1,8.7,72.3,69.2
STU_0649,1.6,89.6,7.4,64.0,64.4
STU_0650,2.2,96.2,5.8,67.7,67.6
STU_0651,2.9,74.3,6.7,94.5,72.9
STU_0652,2.5,80.0,7.2,68.0,71.3
STU_0653,1.6,83.5,8.6,75.6,68.7
STU_0654,1.1,79.3,6.1,77.7,57.7
STU_0655,3.3,100.0,8.0,60.0,76.7
STU_0656,1.8,78.7,8.4,61.7,57.5
STU_0657,1.8,81.3,6.5,57.6,59.9
STU_0658,1.8,87.7,6.9,61.3,60.6
STU_0659,1.9,75.8,6.2,40.0,48.4
STU_0660,1.7,82.6,6.9,77.8,66.3
STU_0661,1.4,88.7,7.1,95.1,73.1
STU_0662,1.5,83.2,7.7,73.2,66.8
STU_0663,1.8,85.2,8.1,55.2,61.6
STU_0664,1.5,81.5,6.4,64.1,57.8
STU_0665,1.4,73.1,5.3,66.2,46.8
STU_0666,1.8,88.7,7.1,59.8,62.4
STU_0667,1.6,100.0,7.4,81.4,70.3
STU_0668,2.7,86.2,7.3,80.8,76.3
STU_0669,0.3,87.9,6.8,58.2,48.0
STU_0670,2.4,91.9,7.2,79.8,76.6
STU_0671,2.5,75.2,8.5,89.1,76.7
STU_0672,0.5,100.0,7.4,93.4,67.0
STU_0673,1.6,87.7,6.8,100.0,81.9
STU_0674,1.6,99.9,6.6,61.1,64.9
STU_0675,0.9,79.8,6.9,100.0,66.7
STU_0676,1.3,100.0,8.6,67.4,66.7
STU_0677,1.1,92.6,6.9,64.7,58.8
STU_0678,2.8,90.7,7.1,75.3,77.0
STU_0679,2.3,88.0,6.7,64.8,66.9
STU_0680,2.5,83.9,8.1,76.1,77.3
STU_0681,2.2,96.2,8.9,56.3,67.9
STU_0682,1.1,87.2,7.5,68.8,59.6
STU_0683,1.5,69.3,7.2,86.3,63.0
STU_0684,2.1,76.5,7.1,70.8,66.2
STU_0685,1.1,84.4,5.0,73.1,53.6
STU_0686,2.2,88.6,7.8,77.0,73.4
STU_0687,1.6,85.5,7.2,85.0,69.4
STU_0688,1.6,96.4,7.5,52.5,58.9
STU_0689,2.2,69.4,6.5,78.2,59.2
STU_0690,2.1,87.2,6.8,68.4,64.2
STU_0691,1.6,70.5,6.7,73.4,51.9
STU_0692,2.5,92.5,8.0,83.7,74.5
STU_0693,1.1,85.2,6.8,57.8,51.2
STU_0694,2.2,89.6,9.0,59.9,66.5
STU_0695,2.1,78.7,7.5,49.2,57.7
STU_0696,1.6,96.9,6.0,65.2,61.5
STU_0697,2.0,94.9,7.0,86.8,68.3
STU_0698,1.0,91.0,6.5,70.1,63.8
STU_0699,2.3,84.9,5.1,56.1,58.8
STU_0700,1.7,90.9,8.5,65.9,66.7
STU_0701,1.5,80.0,7.7,54.4,61.2
STU_0702,2.4,93.3,7.6,58.6,64.1
STU_0703,1.4,100.0,7.2,76.0,73.2
STU_0704,0.9,95.1,5.9,58.0,50.5
STU_0705,0.9,79.8,6.7,84.3,62.8
STU_0706,2.1,89.1,7.9,70.7,65.4
STU_0707,1.0,75.0,6.2,72.5,56.3
STU_0708,2.8,90.9,4.8,68.3,66.6
STU_0709,0.5,89.8,6.9,80.4,59.4
STU_0710,2.8,70.1,7.0,80.5,69.5
STU_0711,1.9,76.1,7.2,75.4,66.2
STU_0712,1.7,83.6,7.8,78.0,66.3
STU_0713,1.5,83.4,7.7,69.1,60.7
STU_0714,2.0,75.7,7.3,77.7,70.1
STU_0715,1.8,89.3,8.2,67.6,64.1
STU_0716,2.4,88.1,5.7,71.5,71.5
STU_0717,1.9,84.3,7.6,68.3,68.9
STU_0718,1.9,79.6,7.7,66.2,58.4
STU_0719,1.6,94.9,6.0,63.6,64.6
STU_0720,1.8,100.0,5.7,76.9,75.2
STU_0721,2.0,81.9,6.4,86.6,72.4
STU_0722,0.8,80.8,6.5,85.0,63.4
STU_0723,1.0,90.2,7.8,57.0,58.2
STU_0724,2.2,83.0,6.5,86.3,72.6
STU_0725,1.9,84.8,6.3,67.8,64.0
STU_0726,1.7,92.3,6.5,78.4,64.3
STU_0727,1.8,69.8,8.1,61.1,53.3
STU_0728,2.0,97.2,7.1,73.1,71.7
STU_0729,1.5,86.6,6.9,75.1,66.2
STU_0730,1.3,82.5,7.0,54.4,56.8
STU_0731,1.9,85.2,8.3,78.5,68.3
STU_0732,1.2,85.7,6.4,87.0,64.9
STU_0733,2.0,71.3,8.3,69.5,64.3
STU_0734,0.8,98.7,7.3,87.1,67.0
STU_0735,2.4,86.4,7.0,69.3,69.8
STU_0736,2.1,89.8,9.4,81.3,75.6
STU_0737,1.9,94.1,6.1,46.0,53.6
STU_0738,2.4,77.3,6.8,99.3,84.4
STU_0739,2.8,90.0,6.0,88.7,78.3
STU_0740,2.4,83.7,8.0,68.2,66.1
STU_0741,0.7,93.2,8.6,48.8,49.7
STU_0742,1.0,67.9,8.6,74.8,46.7
STU_0743,1.4,85.2,8.2,54.9,54.8
STU_0744,1.8,80.9,6.9,76.6,63.4
STU_0745,2.1,89.7,6.8,76.2,72.1
STU_0746,1.4,90.0,5.6,60.7,54.8
STU_0747,1.9,80.0,8.9,84.4,75.4
STU_0748,1.3,79.9,7.5,80.8,69.0
STU_0749,1.4,85.1,6.7,82.7,68.8
STU_0750,0.9,78.4,8.3,71.6,57.9
STU_0751,1.2,93.2,6.2,55.2,54.9
STU_0752,1.0,82.9,7.5,82.7,59.3
STU_0753,1.2,61.3,6.9,68.4,47.5
STU_0754,2.4,82.8,7.7,55.5,60.9
STU_0755,1.2,77.2,7.0,87.0,67.4
STU_0756,3.4,72.1,5.8,95.6,85.0
STU_0757,2.1,75.5,7.2,71.0,67.0
STU_0758,1.9,86.9,8.0,96.3,72.1
STU_0759,1.3,97.3,7.1,72.6,63.6
STU_0760,2.2,88.7,7.8,67.1,68.6
STU_0761,1.4,80.8,6.2,64.2,57.3
STU_0762,1.9,89.9,7.1,90.3,72.9
STU_0763,3.3,82.1,6.5,62.5,72.4
STU_0764,1.7,80.1,7.8,80.0,64.2
STU_0765,2.5,76.2,7.1,65.1,63.3
STU_0766,1.4,71.1,7.7,66.2,53.7
STU_0767,1.8,82.7,8.1,83.3,68.0
STU_0768,2.8,87.3,7.7,67.1,74.1
STU_0769,1.4,85.2,7.3,66.8,56.5
STU_0770,2.9,82.5,6.2,84.5,82.8
STU_0771,2.2,78.0,7.1,89.9,72.3
STU_0772,1.4,91.2,6.6,78.9,65.4
STU_0773,2.2,74.8,6.8,64.0,57.6
STU_0774,2.4,92.6,6.8,65.6,67.0
STU_0775,2.2,77.5,6.2,72.4,66.4
STU_0776,0.8,79.6,5.3,75.2,52.9
STU_0777,1.3,73.5,6.5,60.1,50.3
STU_0778,1.6,81.7,7.3,79.8,69.2
STU_0779,1.7,94.3,5.9,72.5,64.9
STU_0780,2.2,90.4,7.1,51.8,60.9
STU_0781,1.9,94.3,8.8,60.8,72.9
STU_0782,1.0,90.4,8.0,65.7,61.9
STU_0783,2.0,76.6,8.6,70.7,63.9
STU_0784,2.2,83.2,7.5,93.2,77.9
STU_0785,2.1,79.4,8.2,74.2,68.0
STU_0786,2.4,97.3,6.4,61.8,67.3
STU_0787,2.3,75.8,6.5,74.0,63.7
STU_0788,2.1,93.6,4.6,67.5,58.9
STU_0789,1.7,93.6,8.2,75.2,74.9
STU_0790,0.8,100.0,8.5,78.2,67.3
STU_0791,2.0,82.5,6.6,85.4,64.0
STU_0792,1.9,92.1,6.9,71.2,70.9
STU_0793,1.9,100.0,6.4,90.3,79.6
STU_0794,1.0,80.8,7.4,81.9,61.9
STU_0795,1.1,73.0,8.1,63.4,51.3
STU_0796,2.4,70.0,5.5,96.9,66.6
STU_0797,1.8,92.1,7.5,75.3,67.6
STU_0798,2.2,70.0,6.9,61.9,59.3
STU_0799,1.8,82.8,7.2,90.5,72.1
STU_0800,1.8,89.7,7.5,95.4,71.3
STU_0801,2.3,87.6,6.9,71.1,69.1
STU_0802,1.5,89.6,7.0,65.7,61.2
STU_0803,1.8,87.9,6.9,69.5,68.5
STU_0804,1.5,96.9,8.0,79.7,70.3
STU_0805,1.5,77.9,7.5,86.2,66.9
STU_0806,1.6,80.2,7.3,78.1,68.9
STU_0807,1.9,79.4,6.0,72.7,64.3
STU_0808,1.5,93.1,6.8,88.7,69.4
STU_0809,2.5,93.7,7.9,67.9,75.6
STU_0810,1.2,89.8,7.1,83.4,67.3
STU_0811,1.7,96.1,7.7,68.2,66.4
STU_0812,1.5,76.0,8.7,76.5,65.7
STU_0813,2.7,100.0,8.0,70.2,73.0
STU_0814,1.9,98.9,7.2,70.9,67.4
STU_0815,2.4,92.3,6.6,67.2,69.1
STU_0816,0.9,100.0,4.8,87.0,60.1
STU_0817,1.9,71.9,6.9,63.1,57.2
STU_0818,2.3,81.5,6.8,63.0,65.1
STU_0819,1.8,79.7,7.5,95.9,77.5
STU_0820,2.4,92.1,7.0,82.7,76.1
STU_0821,1.5,77.1,6.8,44.1,52.5
STU_0822,2.6,92.4,5.5,65.0,69.5
STU_0823,3.2,97.6,6.3,50.7,69.1
STU_0824,1.6,91.9,7.5,60.6,61.2
STU_0825,1.5,88.4,8.6,40.0,49.6
STU_0826,2.7,77.6,7.0,69.9,71.3
STU_0827,2.7,78.8,7.4,58.4,65.7
STU_0828,1.5,96.6,8.0,72.2,65.5
STU_0829,1.5,92.6,6.4,52.8,59.2
STU_0830,1.6,85.7,7.4,72.5,61.0
STU_0831,1.0,82.4,6.4,66.7,54.4
STU_0832,1.2,68.8,7.9,88.8,62.5
STU_0833,1.2,76.9,7.2,87.7,66.8
STU_0834,1.3,100.0,7.4,80.5,68.8
STU_0835,1.8,75.1,6.4,67.7,61.4
STU_0836,1.9,87.6,7.7,94.3,77.6
STU_0837,2.7,94.6,9.0,53.6,64.8
STU_0838,1.2,75.3,6.2,55.4,49.6
STU_0839,2.4,87.6,6.8,70.5,74.6
STU_0840,1.7,94.0,7.3,97.4,75.7
STU_0841,1.8,86.1,7.8,69.2,64.6
STU_0842,2.2,100.0,6.6,69.4,68.5
STU_0843,1.1,71.8,4.6,54.9,36.0
STU_0844,2.0,95.0,8.3,82.4,73.4
STU_0845,1.9,84.5,7.8,82.5,73.0
STU_0846,2.1,92.6,5.5,80.6,71.6
STU_0847,2.0,89.8,6.6,64.3,66.6
STU_0848,3.3,79.8,8.5,63.4,71.0
STU_0849,1.4,87.9,8.4,56.6,57.3
STU_0850,1.5,70.2,7.9,72.5,54.5
STU_0851,1.4,91.1,6.9,59.1,59.5
STU_0852,1.5,88.5,7.2,58.0,55.9
STU_0853,1.4,91.4,7.0,66.6,64.2
STU_0854,2.5,95.0,8.1,65.9,75.4
STU_0855,2.6,89.1,6.3,65.3,65.8
STU_0856,1.4,87.3,6.4,76.9,62.6
STU_0857,1.3,78.5,8.0,72.4,60.0
STU_0858,2.1,79.9,7.1,68.2,73.0
STU_0859,1.5,96.1,8.3,73.6,66.6
STU_0860,2.2,98.2,6.5,60.1,70.8
STU_0861,1.9,84.0,7.1,72.7,62.6
STU_0862,0.9,86.4,6.3,73.2,55.4
STU_0863,2.7,78.3,7.1,54.2,61.5
STU_0864,2.9,96.0,5.8,83.0,76.8
STU_0865,1.4,91.7,6.7,61.4,58.1
STU_0866,1.6,100.0,5.8,72.5,63.7
STU_0867,2.0,78.5,7.7,84.9,69.4
STU_0868,2.0,82.8,7.7,82.1,75.1
STU_0869,2.2,88.0,5.5,71.9,70.8
STU_0870,3.0,91.5,8.3,67.3,78.6
STU_0871,1.7,84.2,9.3,82.4,73.4
STU_0872,1.3,78.6,7.1,79.3,63.6
STU_0873,1.0,93.5,6.5,64.4,55.8
STU_0874,1.3,92.1,9.6,62.4,59.6
STU_0875,1.8,78.2,5.9,47.7,53.4
STU_0876,2.9,97.5,7.1,73.3,73.8
STU_0877,1.5,95.9,7.3,70.5,62.3
STU_0878,1.9,87.1,8.3,84.6,77.1
STU_0879,1.8,86.7,7.4,75.6,73.5
STU_0880,2.5,90.7,6.7,86.8,79.0
STU_0881,3.3,78.7,6.2,63.5,74.3
STU_0882,1.5,86.3,6.8,84.6,67.7
STU_0883,1.5,67.7,6.2,65.4,45.5
STU_0884,2.4,93.4,7.1,80.4,77.4
STU_0885,2.2,72.7,6.6,54.7,53.7
STU_0886,2.9,98.8,5.8,74.2,76.5
STU_0887,2.1,83.2,8.2,48.7,58.4
STU_0888,1.6,84.2,6.7,68.4,64.7
STU_0889,2.1,80.7,6.0,76.6,64.4
STU_0890,2.5,83.6,6.9,65.5,65.3
STU_0891,2.3,98.1,7.2,59.4,64.1
STU_0892,2.1,64.9,5.5,81.2,59.5
STU_0893,2.4,96.9,7.4,70.3,69.2
STU_0894,2.5,88.9,6.2,65.9,66.0
STU_0895,2.6,75.7,8.6,72.0,69.5
STU_0896,2.2,76.9,7.6,100.0,78.5
STU_0897,1.7,100.0,6.7,84.8,68.5
STU_0898,1.9,78.0,6.4,84.9,69.5
STU_0899,2.5,76.2,7.0,76.5,74.5
STU_0900,1.3,95.7,7.7,73.4,65.8
STU_0901,2.0,88.9,7.1,43.9,60.7
STU_0902,1.5,78.0,6.9,63.7,61.9
STU_0903,1.8,87.8,7.2,66.0,66.1
STU_0904,2.6,77.3,6.6,49.9,60.3
STU_0905,1.9,95.4,6.8,58.2,62.5
STU_0906,1.8,95.0,5.2,48.7,53.3
STU_0907,1.0,90.5,8.0,71.1,60.2
STU_0908,2.2,89.1,7.4,80.9,68.0
STU_0909,2.2,100.0,6.4,84.2,77.6
STU_0910,3.1,86.0,8.8,76.3,76.4
STU_0911,1.6,76.0,7.2,60.4,54.4
STU_0912,1.9,89.8,6.2,49.3,56.7
STU_0913,1.9,100.0,7.9,51.3,61.7
STU_0914,2.7,77.4,7.5,56.9,60.7
STU_0915,1.7,82.9,7.5,61.3,60.8
STU_0916,2.0,89.5,6.7,69.7,69.5
STU_0917,2.2,85.5,7.5,59.8,60.7
STU_0918,1.9,77.7,6.9,75.4,69.7
STU_0919,1.5,95.5,7.6,68.8,60.2
STU_0920,1.9,100.0,5.4,71.6,69.1
STU_0921,2.4,87.7,6.7,84.6,74.3
STU_0922,1.2,78.3,8.6,57.9,55.9
STU_0923,1.9,72.8,6.4,76.3,52.8
STU_0924,1.4,88.2,6.6,71.3,62.0
STU_0925,2.5,95.4,6.7,67.7,71.6
STU_0926,0.9,90.0,6.0,81.7,62.1
STU_0927,1.5,86.0,5.1,81.6,58.7
STU_0928,2.0,81.0,6.9,60.6,58.3
STU_0929,2.7,76.7,7.2,69.4,73.1
STU_0930,1.7,93.1,7.1,74.7,67.8
STU_0931,1.5,93.8,7.0,68.4,68.1
STU_0932,2.9,72.9,7.1,78.2,66.4
STU_0933,0.9,99.5,8.0,74.7,62.8
STU_0934,0.5,90.9,6.9,92.6,67.7
STU_0935,2.0,97.9,6.6,53.9,56.8
STU_0936,1.5,74.6,6.8,70.1,50.1
STU_0937,1.2,74.4,7.6,61.1,51.9
STU_0938,2.2,84.7,8.4,78.4,69.4
STU_0939,1.9,90.3,6.5,52.9,53.2
STU_0940,1.4,100.0,7.2,75.5,73.0
STU_0941,1.0,92.0,7.4,64.3,53.9
STU_0942,2.3,83.9,6.2,63.1,64.8
STU_0943,2.2,77.3,7.1,54.9,59.9
STU_0944,1.7,96.5,5.8,66.2,54.7
STU_0945,2.9,77.8,5.5,84.0,74.6
STU_0946,1.1,99.8,7.4,71.2,64.8
STU_0947,0.9,83.6,6.8,78.7,61.8
STU_0948,1.4,99.5,7.3,90.6,76.4
STU_0949,1.8,91.8,7.1,74.5,66.9
STU_0950,1.9,84.8,6.2,65.1,64.3
STU_0951,1.6,81.6,7.1,76.9,63.2
STU_0952,2.0,83.1,6.0,65.2,58.1
STU_0953,1.0,89.6,8.4,65.7,55.5
STU_0954,2.7,86.7,5.9,54.0,59.3
STU_0955,1.7,81.0,6.9,82.2,70.9
STU_0956,2.5,84.6,6.2,67.1,63.1
STU_0957,2.0,86.7,7.6,73.6,69.6
STU_0958,2.1,67.9,6.8,59.6,51.7
STU_0959,2.1,89.9,6.6,76.5,69.9
STU_0960,2.1,77.7,7.9,62.7,67.5
STU_0961,2.2,76.2,7.1,69.9,64.5
STU_0962,2.6,71.7,7.6,81.6,69.3
STU_0963,1.9,70.8,6.2,80.6,59.7
STU_0964,2.2,74.5,5.8,71.2,57.8
STU_0965,1.7,80.0,7.2,51.2,62.0
STU_0966,2.6,100.0,6.8,100.0,82.0
STU_0967,1.4,81.5,7.7,91.6,74.6
STU_0968,2.9,87.5,7.0,79.8,79.7
STU_0969,1.8,89.4,7.3,62.8,61.5
STU_0970,0.9,87.1,5.6,70.2,61.2
STU_0971,1.9,85.3,8.8,65.3,60.2
STU_0972,1.4,75.8,7.0,86.0,64.6
STU_0973,2.3,98.3,7.7,74.5,70.5
STU_0974,1.4,100.0,6.3,62.5,62.0
STU_0975,1.5,71.7,7.4,66.1,48.9
STU_0976,0.7,77.3,5.9,84.4,60.3
STU_0977,1.5,83.6,7.5,89.9,70.4
STU_0978,0.3,77.8,6.8,89.1,57.7
STU_0979,0.8,90.3,7.1,80.2,63.6
STU_0980,2.2,79.8,7.7,68.6,66.0
STU_0981,2.3,100.0,6.0,40.0,54.5
STU_0982,2.0,96.1,6.5,74.9,78.4
STU_0983,1.2,87.8,7.5,71.5,60.4
STU_0984,1.8,94.7,9.0,73.1,63.9
STU_0985,1.8,95.4,7.0,72.1,65.2
STU_0986,1.1,81.2,7.6,56.2,49.5
STU_0987,2.7,79.1,7.0,77.9,76.0
STU_0988,2.3,86.7,8.8,78.8,75.8
STU_0989,1.7,93.3,5.5,79.3,68.8
STU_0990,1.8,87.2,7.2,82.4,69.4
STU_0991,1.9,72.6,5.6,78.4,57.5
STU_0992,0.6,79.2,4.8,66.8,44.2
STU_0993,1.6,85.4,7.4,70.7,63.7
STU_0994,1.4,85.4,7.2,72.5,65.4
STU_0995,1.2,100.0,6.8,72.7,65.1
STU_0996,1.6,74.2,7.0,83.0,61.6
STU_0997,2.9,90.3,9.9,78.9,83.2
STU_0998,2.2,98.7,6.9,95.4,83.8
STU_0999,1.4,100.0,7.6,96.9,77.7
STU_1000,2.1,82.6,6.5,72.4,67.8
STU_1001,2.6,90.2,7.4,40.0,63.4
STU_1002,2.3,90.8,6.9,85.7,74.2
STU_1003,1.8,87.7,6.7,65.3,60.2
STU_1004,1.4,85.2,8.7,62.3,56.9
STU_1005,2.2,89.7,8.2,66.9,69.5
STU_1006,2.0,64.5,7.2,66.4,48.8
STU_1007,2.3,91.8,5.0,78.5,67.8
STU_1008,2.2,87.1,6.8,53.6,60.6
STU_1009,2.4,84.1,9.5,59.1,71.1
STU_1010,1.5,100.0,6.9,75.4,65.7
STU_1011,2.6,80.3,8.1,78.7,74.2
STU_1012,1.9,82.6,8.4,78.9,73.7
STU_1013,3.0,100.0,7.3,62.4,78.4
STU_1014,1.4,78.9,6.3,60.2,53.1
STU_1015,2.8,81.3,4.9,65.7,63.0
STU_1016,1.9,84.8,7.7,74.3,68.9
STU_1017,1.4,93.1,6.4,88.6,71.4
STU_1018,1.5,87.8,7.3,48.0,53.2
STU_1019,1.6,75.0,6.0,69.0,62.9
STU_1020,2.0,81.5,6.9,56.2,53.7
STU_1021,2.1,80.8,7.1,52.5,57.5
STU_1022,1.4,85.3,7.3,82.6,68.6
STU_1023,1.8,89.6,6.1,77.8,69.0
STU_1024,3.1,89.6,8.2,76.7,84.0
STU_1025,2.8,70.9,6.6,82.1,71.3
STU_1026,2.0,95.0,5.6,66.0,63.9
STU_1027,1.8,88.1,7.0,66.5,67.7
STU_1028,1.9,97.8,7.1,96.6,77.3
STU_1029,2.2,89.8,7.2,68.7,71.2
STU_1030,1.2,95.4,8.3,80.0,73.5
STU_1031,1.6,90.0,6.9,71.6,68.3
STU_1032,0.8,97.4,7.0,50.2,51.6
STU_1033,2.0,90.4,6.1,48.0,55.9
STU_1034,2.2,85.2,7.8,64.8,62.0
STU_1035,1.5,100.0,7.3,83.6,72.6
STU_1036,2.7,93.6,6.7,80.6,74.1
STU_1037,1.1,90.9,5.4,82.0,56.5
STU_1038,0.9,75.2,8.4,60.1,49.6
STU_1039,1.9,75.0,6.0,90.1,68.9
STU_1040,2.4,88.5,6.6,60.4,65.3
STU_1041,2.8,87.2,7.4,73.9,75.7
STU_1042,1.5,80.8,6.0,71.4,58.8
STU_1043,2.4,87.2,5.8,69.5,71.1
STU_1044,1.8,99.5,5.2,86.9,67.4
STU_1045,1.7,91.9,7.7,63.4,61.1
STU_1046,2.3,76.3,6.6,56.0,60.8
STU_1047,2.2,85.1,9.7,71.7,77.8
STU_1048,0.8,79.2,6.2,66.9,54.2
STU_1049,2.7,82.7,6.3,100.0,81.6
STU_1050,2.6,82.5,6.6,79.3,69.0
STU_1051,1.4,81.9,7.3,66.8,59.2
STU_1052,2.0,75.3,6.7,59.4,59.8
STU_1053,2.1,84.9,7.7,49.9,58.2
STU_1054,1.9,81.2,6.2,59.7,54.1
STU_1055,1.5,61.1,5.9,72.8,48.2
STU_1056,1.4,100.0,5.5,87.9,74.7
STU_1057,1.8,95.3,5.1,84.4,70.2
STU_1058,2.5,82.8,6.6,74.1,68.0
STU_1059,2.1,86.2,6.8,67.8,68.0
STU_1060,1.6,76.0,6.5,74.6,58.8
STU_1061,2.2,100.0,8.2,65.5,74.8
STU_1062,0.3,100.0,8.2,91.3,67.6
STU_1063,2.5,87.3,6.8,69.3,72.8
STU_1064,0.7,94.7,5.5,70.5,51.3
STU_1065,1.6,87.5,6.6,46.0,55.0
STU_1066,1.1,74.6,6.6,69.3,50.0
STU_1067,1.0,82.5,6.5,81.1,64.4
STU_1068,2.5,87.1,6.5,59.2,68.0
STU_1069,1.5,82.1,6.5,62.9,58.2
STU_1070,2.0,84.1,6.8,80.6,68.3
STU_1071,1.8,85.2,6.5,54.5,59.8
STU_1072,2.1,85.3,7.3,83.7,72.9
STU_1073,1.8,86.4,7.4,65.4,60.8
STU_1074,1.0,77.0,6.3,67.0,51.7
STU_1075,2.4,79.9,8.2,58.6,60.4
STU_1076,1.5,75.1,6.2,75.8,59.9
STU_1077,0.9,94.3,5.6,99.8,73.7
STU_1078,1.5,68.1,7.4,80.5,58.0
STU_1079,2.7,95.8,6.4,61.6,68.0
STU_1080,2.3,97.8,7.4,84.6,80.3
STU_1081,1.6,83.4,4.9,67.9,52.1
STU_1082,1.6,63.9,8.4,87.3,61.8
STU_1083,1.6,82.9,7.7,80.8,67.5
STU_1084,3.0,85.5,5.7,40.0,62.0
STU_1085,2.0,77.4,5.8,60.0,53.9
STU_1086,2.0,81.6,8.6,82.4,70.1
STU_1087,2.4,99.0,6.4,73.2,67.9
STU_1088,1.9,91.7,6.3,59.7,60.8
STU_1089,1.6,78.1,5.1,64.2,55.7
STU_1090,1.7,72.4,6.8,49.6,44.7
STU_1091,1.7,83.2,6.9,70.5,61.9
STU_1092,1.8,84.2,7.7,96.9,79.2
STU_1093,2.2,90.2,5.8,80.8,75.0
STU_1094,1.8,81.4,5.7,96.7,73.0
STU_1095,2.2,90.3,7.5,81.6,76.4
STU_1096,1.7,100.0,8.0,83.3,70.7
STU_1097,1.8,92.9,5.7,94.2,78.9
STU_1098,0.6,85.6,8.1,75.8,65.8
STU_1099,2.3,84.4,7.1,69.3,69.7
STU_1100,2.0,83.0,8.1,83.4,66.5
STU_1101,2.4,96.0,7.0,88.2,77.6
STU_1102,0.3,80.7,4.8,66.0,44.9
STU_1103,3.0,86.4,7.0,63.2,70.0
STU_1104,1.7,86.4,8.1,73.1,70.6
STU_1105,2.5,81.7,6.3,81.1,74.7
STU_1106,1.2,74.3,6.8,80.7,53.7
STU_1107,2.2,88.7,6.9,55.1,62.2
STU_1108,1.2,85.5,4.5,93.5,59.5
STU_1109,1.4,90.3,8.6,64.1,61.7
STU_1110,2.9,81.5,6.3,68.5,69.1
STU_1111,1.7,96.4,7.6,61.1,66.9
STU_1112,1.9,78.5,7.0,100.0,82.8
STU_1113,2.3,100.0,8.2,74.3,70.8
STU_1114,2.1,71.1,7.5,61.7,49.2
STU_1115,1.9,89.7,6.9,81.4,70.3
STU_1116,2.0,90.0,6.3,80.3,66.1
STU_1117,3.2,79.2,7.8,69.3,74.9
STU_1118,1.8,89.6,5.4,81.2,65.9
STU_1119,1.9,96.9,7.7,62.0,70.0
STU_1120,2.4,67.2,6.1,65.8,56.9
STU_1121,2.4,90.3,8.2,48.4,62.3
STU_1122,2.5,64.8,7.2,56.3,48.1
STU_1123,2.2,77.8,7.7,92.3,76.4
STU_1124,1.1,99.8,7.2,90.4,71.5
STU_1125,2.8,81.1,5.5,72.3,72.3
STU_1126,1.1,76.0,6.3,90.6,62.8
STU_1127,2.0,84.3,7.7,69.7,65.4
STU_1128,1.3,100.0,7.2,68.7,59.3
STU_1129,1.7,70.4,8.2,72.1,50.1
STU_1130,2.0,77.1,7.5,70.1,61.7
STU_1131,2.0,98.7,6.2,69.0,62.9
STU_1132,2.0,100.0,6.4,84.6,75.8
STU_1133,2.8,85.1,7.2,73.2,72.3
STU_1134,2.1,75.5,5.0,79.7,60.1
STU_1135,1.6,100.0,8.6,83.4,71.1
STU_1136,2.4,99.6,7.5,76.0,65.9
STU_1137,2.5,91.8,8.2,60.3,73.5
STU_1138,1.0,79.1,5.7,55.9,46.5
STU_1139,2.1,85.6,8.2,73.2,68.7
STU_1140,2.2,84.6,9.1,69.5,65.7
STU_1141,1.6,88.8,5.9,72.5,66.4
STU_1142,2.6,98.3,7.8,71.3,75.7
STU_1143,1.7,93.5,7.1,100.0,75.9
STU_1144,1.9,76.8,5.7,56.2,54.9
STU_1145,1.7,97.7,7.5,48.6,63.3
STU_1146,1.8,88.7,7.9,75.3,68.6
STU_1147,1.1,91.8,6.6,67.2,58.4
STU_1148,0.9,98.5,8.1,75.1,61.3
STU_1149,2.7,76.6,5.6,78.2,65.6
STU_1150,1.3,85.7,5.8,86.3,65.7
STU_1151,1.2,81.5,7.2,54.2,53.8
STU_1152,0.5,72.7,7.1,65.1,47.2
STU_1153,1.4,88.9,6.5,76.4,57.6
STU_1154,1.0,100.0,7.8,80.4,63.7
STU_1155,2.8,70.4,7.6,96.7,73.3
STU_1156,2.4,85.7,7.9,82.5,75.7
STU_1157,1.4,91.4,7.0,70.8,62.8
STU_1158,3.1,87.0,7.6,61.3,71.8
STU_1159,2.4,85.0,6.7,65.0,67.9
STU_1160,1.6,75.0,8.9,64.7,58.4
STU_1161,0.3,88.0,6.4,79.0,59.5
STU_1162,3.2,79.6,9.0,74.5,79.9
STU_1163,1.0,67.4,7.1,56.3,41.9
STU_1164,0.8,96.2,5.9,66.5,61.2
STU_1165,2.4,94.1,8.3,81.6,82.4
STU_1166,3.2,86.4,7.2,75.5,81.0
STU_1167,2.6,87.9,7.9,78.0,66.8
STU_1168,2.1,95.1,8.2,75.9,77.9
STU_1169,2.1,87.9,7.4,90.2,78.9
STU_1170,2.3,93.7,6.6,74.2,77.6
STU_1171,2.2,83.5,8.0,67.1,71.1
STU_1172,2.0,97.2,7.1,61.0,69.9
STU_1173,1.8,88.7,7.7,74.4,70.8
STU_1174,1.7,87.6,5.2,43.4,50.4
STU_1175,1.3,75.2,7.5,69.4,64.9
STU_1176,1.6,88.4,6.5,69.1,63.4
STU_1177,0.8,78.9,8.6,55.8,46.9
STU_1178,1.7,80.6,7.7,60.8,58.9
STU_1179,1.2,79.1,7.3,80.8,64.7
STU_1180,1.1,76.9,7.5,74.2,60.0
STU_1181,1.9,100.0,6.2,72.7,65.0
STU_1182,2.6,97.3,8.6,75.0,72.7
STU_1183,2.3,100.0,8.9,72.6,73.0
STU_1184,0.8,75.6,7.5,85.8,64.5
STU_1185,1.2,86.6,8.5,72.9,68.2
STU_1186,2.4,75.0,6.6,54.7,62.8
STU_1187,1.2,80.1,6.4,90.2,69.7
STU_1188,1.7,78.2,7.1,75.8,64.6
STU_1189,2.1,96.5,7.5,64.7,62.6
STU_1190,1.2,82.6,6.7,57.1,52.2
STU_1191,1.8,95.1,7.6,76.1,69.3
STU_1192,1.0,91.1,7.4,70.2,58.9
STU_1193,1.4,100.0,6.2,89.6,72.1
STU_1194,2.0,73.4,7.6,67.5,58.6
STU_1195,0.8,96.7,7.9,61.9,59.8
STU_1196,2.0,95.7,7.3,81.8,73.0
STU_1197,1.8,77.7,8.1,82.1,63.8
STU_1198,2.1,94.6,6.0,73.4,67.7
STU_1199,1.9,88.9,7.5,79.3,70.9
STU_1200,2.6,84.1,6.0,71.1,73.4
STU_1201,1.9,79.0,6.1,74.2,62.9
STU_1202,1.5,79.9,6.5,84.9,68.3
STU_1203,1.9,100.0,6.3,78.7,72.2
STU_1204,2.1,86.0,6.6,69.6,66.5
STU_1205,1.8,92.6,6.9,87.1,76.1
STU_1206,1.8,79.3,7.9,44.3,51.7
STU_1207,1.4,79.4,6.8,95.1,68.8
STU_1208,1.4,95.2,5.7,51.9,54.4
STU_1209,0.9,74.5,8.1,64.3,46.4
STU_1210,2.8,82.5,6.3,71.0,72.7
STU_1211,1.0,86.3,7.0,69.8,56.5
STU_1212,1.4,86.9,7.5,83.1,68.7
STU_1213,1.4,84.5,7.3,59.3,57.0
STU_1214,2.3,89.4,8.1,74.5,73.3
STU_1215,1.6,91.9,7.5,64.9,61.7
STU_1216,2.5,92.2,6.3,74.9,71.7
STU_1217,1.4,77.6,9.1,70.8,63.2
STU_1218,2.0,83.6,7.3,72.6,67.9
STU_1219,1.3,96.2,7.0,65.2,61.1
STU_1220,3.1,93.6,8.0,65.6,81.0
STU_1221,1.1,74.3,7.3,74.8,50.2
STU_1222,2.0,89.0,7.5,82.4,72.6
STU_1223,2.2,69.2,9.3,64.6,54.2
STU_1224,2.0,86.4,6.9,61.5,63.8
STU_1225,1.7,100.0,6.8,78.6,67.1
STU_1226,1.7,77.9,7.2,71.1,62.1
STU_1227,1.8,78.9,8.1,81.1,68.2
STU_1228,1.7,92.5,5.7,61.1,60.9
STU_1229,2.4,72.9,5.3,51.0,44.2
STU_1230,3.1,80.6,6.6,65.4,69.4
STU_1231,1.5,91.1,5.6,62.7,63.0
STU_1232,1.0,80.6,6.7,70.6,58.1
STU_1233,1.7,84.0,7.6,64.2,60.2
STU_1234,3.3,92.3,6.3,80.0,80.3
STU_1235,1.3,89.6,5.8,68.2,64.3
STU_1236,2.8,88.3,7.2,73.2,73.9
STU_1237,2.8,83.1,7.9,73.3,72.3
STU_1238,1.5,89.1,5.6,73.7,60.8
STU_1239,2.1,84.9,7.8,71.2,66.7
STU_1240,2.8,89.9,7.8,77.4,75.7
STU_1241,1.6,81.8,8.0,62.3,56.5
STU_1242,1.7,84.4,8.2,87.6,69.2
STU_1243,1.4,77.6,9.1,68.8,59.6
STU_1244,1.2,85.7,6.8,56.4,55.9
STU_1245,1.4,79.1,7.2,73.7,60.9
STU_1246,1.1,76.5,6.7,61.7,52.8
STU_1247,1.8,88.2,7.1,79.2,73.1
STU_1248,1.3,87.8,8.5,96.9,78.5
STU_1249,1.9,92.7,5.9,62.5,61.6
STU_1250,0.9,82.3,6.3,75.3,56.5
STU_1251,2.0,89.5,8.3,51.3,58.3
STU_1252,2.3,90.7,8.0,76.7,75.9
STU_1253,0.6,89.8,6.8,61.3,51.8
STU_1254,2.0,79.0,7.9,64.3,62.4
STU_1255,2.5,87.3,7.4,58.8,63.8
STU_1256,1.1,89.1,8.5,79.9,63.9
STU_1257,2.8,86.1,7.2,83.1,79.2
STU_1258,2.0,68.3,8.0,71.8,54.5
STU_1259,1.4,87.4,9.5,61.6,64.7
STU_1260,1.8,100.0,7.6,89.8,75.4
STU_1261,2.1,82.9,7.1,62.9,63.1
STU_1262,1.8,79.8,7.8,46.6,50.6
STU_1263,2.1,89.2,6.8,76.8,70.4
STU_1264,1.2,88.7,9.2,58.8,57.9
STU_1265,1.9,96.1,7.3,82.9,73.4
STU_1266,0.9,75.3,6.9,67.1,58.6
STU_1267,1.7,92.2,6.3,78.4,68.5
STU_1268,1.2,91.0,8.1,87.6,67.7
STU_1269,1.3,84.8,7.9,57.6,54.5
STU_1270,2.5,88.9,6.7,65.0,70.1
STU_1271,2.4,94.8,7.6,70.6,76.3
STU_1272,2.2,93.4,5.7,89.2,76.7
STU_1273,1.1,76.3,7.3,63.9,57.2
STU_1274,1.6,93.0,7.5,64.7,65.0
STU_1275,2.5,85.5,8.6,77.0,79.3
STU_1276,1.9,86.6,6.4,64.9,56.9
STU_1277,3.2,86.6,5.9,73.3,77.6
STU_1278,2.0,84.7,6.3,53.7,61.2
STU_1279,1.9,96.1,5.9,97.0,73.7
STU_1280,1.6,85.3,8.3,56.0,56.2
STU_1281,1.9,76.5,8.5,67.8,61.9
STU_1282,1.7,82.7,7.4,71.1,62.1
STU_1283,2.2,87.5,8.2,93.5,78.2
STU_1284,2.4,96.4,7.2,56.3,66.9
STU_1285,1.3,91.1,7.0,94.3,74.9
STU_1286,1.0,78.8,6.8,80.2,64.3
STU_1287,0.7,100.0,6.8,76.3,59.3
STU_1288,2.1,88.3,5.7,60.2,59.3
STU_1289,1.1,96.8,7.3,78.1,69.5
STU_1290,0.5,84.7,7.1,63.2,53.7
STU_1291,2.0,90.5,7.8,86.1,75.4
STU_1292,3.3,93.1,7.2,60.3,75.5
STU_1293,1.8,96.4,7.0,70.2,67.1
STU_1294,2.3,95.0,6.3,65.1,69.2
STU_1295,1.8,93.4,7.2,60.1,61.5
STU_1296,1.7,83.3,7.8,80.0,69.5
STU_1297,2.3,81.1,6.1,77.7,65.1
STU_1298,1.6,88.8,7.2,85.4,68.5
STU_1299,1.9,93.9,7.3,51.0,57.7
STU_1300,2.0,84.1,6.5,83.7,69.9
STU_1301,1.4,95.1,6.6,100.0,73.0
STU_1302,2.4,98.3,7.3,66.3,69.3
STU_1303,1.7,78.2,6.1,93.3,66.4
STU_1304,1.3,78.9,7.4,68.5,60.9
STU_1305,2.1,84.8,6.3,55.7,59.7
STU_1306,1.2,88.6,8.1,68.0,56.2
STU_1307,1.8,81.5,9.2,83.6,69.9
STU_1308,1.8,97.5,6.3,61.9,64.0
STU_1309,2.4,89.6,7.6,64.6,67.1
STU_1310,2.1,86.3,6.4,78.3,67.8
STU_1311,1.8,73.8,8.0,71.5,57.8
STU_1312,2.3,74.8,6.0,78.2,63.3
STU_1313,2.6,88.4,7.5,74.2,69.6
STU_1314,2.1,67.9,6.3,77.0,60.8
STU_1315,1.8,94.6,6.9,66.5,62.7
STU_1316,1.0,84.7,6.2,74.2,59.0
STU_1317,1.1,100.0,7.8,60.8,59.5
STU_1318,1.6,100.0,6.3,86.3,70.7
STU_1319,1.4,84.5,7.6,64.2,56.6
STU_1320,1.7,85.1,6.8,84.5,68.8
STU_1321,1.8,94.5,7.0,68.8,71.0
STU_1322,2.1,100.0,7.2,73.8,67.9
STU_1323,1.7,72.1,6.4,65.8,57.5
STU_1324,2.1,70.8,7.3,59.8,53.1
STU_1325,1.8,80.7,8.5,51.4,57.9
STU_1326,0.6,91.0,6.4,59.4,48.1
STU_1327,1.2,90.2,8.2,67.8,59.4
STU_1328,1.7,95.1,8.4,73.9,68.0
STU_1329,1.1,75.8,6.4,83.1,58.7
STU_1330,2.1,66.3,5.8,66.4,53.1
STU_1331,2.7,93.3,7.4,61.4,69.0
STU_1332,2.5,79.0,6.6,54.9,67.3
STU_1333,1.7,68.8,8.8,77.0,56.0
STU_1334,2.7,87.2,7.1,87.4,79.7
STU_1335,1.9,92.7,6.4,86.1,73.7
STU_1336,1.6,85.0,6.1,79.7,62.7
STU_1337,1.4,82.1,8.1,78.8,68.0
STU_1338,1.6,84.6,6.6,91.0,70.0
STU_1339,1.6,82.9,7.1,75.3,57.4
STU_1340,1.9,74.5,8.0,78.9,64.0
STU_1341,1.9,79.9,6.7,67.8,59.5
STU_1342,1.8,90.4,7.1,55.8,56.8
STU_1343,2.0,88.7,7.1,63.6,66.4
STU_1344,2.5,87.4,7.7,71.4,70.9
STU_1345,2.4,77.5,7.6,72.2,72.0
STU_1346,0.9,84.5,6.9,93.7,71.0
STU_1347,0.3,67.5,7.2,72.4,42.5
STU_1348,2.3,87.5,6.8,85.1,77.4
STU_1349,1.0,98.1,5.8,66.5,56.0
STU_1350,1.7,73.5,7.3,67.9,61.5
STU_1351,1.1,81.0,8.8,56.2,52.8
STU_1352,0.7,88.8,6.3,63.0,56.2
STU_1353,2.1,96.6,6.4,77.6,74.4
STU_1354,2.2,82.2,6.3,71.6,67.7
STU_1355,1.4,80.1,7.8,82.3,64.6
STU_1356,0.3,69.3,7.5,73.6,45.3
STU_1357,1.5,86.9,7.0,67.4,55.1
STU_1358,2.0,100.0,6.3,96.2,80.2
STU_1359,0.9,88.4,7.2,70.4,59.9
STU_1360,1.9,85.8,5.7,84.9,70.5
STU_1361,1.8,88.7,7.2,66.9,55.4
STU_1362,2.1,85.9,7.9,79.7,68.5
STU_1363,1.9,79.1,6.0,82.2,65.6
STU_1364,1.2,93.0,5.7,73.9,62.5
STU_1365,2.5,87.9,8.5,44.4,62.7
STU_1366,1.7,86.1,6.5,71.7,63.6
STU_1367,1.8,77.7,8.1,85.7,72.9
STU_1368,1.2,97.1,7.0,77.6,62.7
STU_1369,1.5,91.6,7.0,76.6,68.3
STU_1370,1.3,81.3,7.5,51.7,54.3
STU_1371,1.7,94.5,6.3,63.2,63.2
STU_1372,2.8,81.8,7.2,76.2,73.9
STU_1373,1.0,79.4,6.8,76.2,65.0
STU_1374,0.8,79.5,5.9,85.5,62.2
STU_1375,2.7,70.9,7.4,69.8,59.9
STU_1376,1.7,90.0,6.9,76.2,68.1
STU_1377,1.4,70.4,7.0,71.7,55.2
STU_1378,2.4,75.6,6.0,60.2,59.9
STU_1379,1.4,68.4,8.5,45.6,46.8
STU_1380,2.9,85.3,7.9,76.5,78.1
STU_1381,2.2,84.7,8.0,73.5,63.3
STU_1382,1.5,83.2,6.8,64.4,60.1
STU_1383,3.1,77.1,5.5,52.9,62.5
STU_1384,1.4,76.0,8.9,78.7,67.2
STU_1385,2.2,89.9,7.0,68.4,70.9
STU_1386,2.0,81.3,6.4,77.9,68.4
STU_1387,2.6,88.7,7.5,92.9,86.8
STU_1388,2.7,78.5,8.2,46.9,61.4
STU_1389,1.8,87.5,7.1,63.5,64.4
STU_1390,1.3,97.1,8.3,69.1,67.1
STU_1391,2.1,91.0,8.1,88.2,77.0
STU_1392,1.4,82.5,6.1,52.7,54.8
STU_1393,3.0,88.2,6.5,93.8,82.1
STU_1394,1.9,84.0,8.0,73.1,66.4
STU_1395,1.6,86.1,4.7,70.4,52.0
STU_1396,1.9,83.2,7.0,69.2,65.3
STU_1397,1.0,84.6,5.8,66.5,56.3
STU_1398,1.2,87.8,6.7,83.6,69.4
STU_1399,2.5,77.6,6.8,59.2,65.9
STU_1400,1.4,77.4,6.8,75.5,61.0
STU_1401,1.2,74.2,6.6,67.1,46.3
STU_1402,2.1,72.4,6.1,62.7,55.2
STU_1403,2.5,75.7,9.2,100.0,86.7
STU_1404,2.2,87.4,8.8,76.3,75.4
STU_1405,2.4,78.4,6.1,78.6,73.4
STU_1406,1.3,90.4,8.5,84.6,69.3
STU_1407,0.9,86.3,6.7,55.2,49.9
STU_1408,2.7,69.3,7.2,91.7,69.2
STU_1409,1.6,91.6,7.0,42.6,52.8
STU_1410,1.6,92.9,6.5,62.7,60.8
STU_1411,2.6,77.6,8.0,66.2,69.4
STU_1412,2.1,89.6,7.2,78.2,71.2
STU_1413,2.1,78.7,6.7,74.0,66.4
STU_1414,3.1,86.8,5.9,69.6,71.0
STU_1415,1.4,75.3,6.3,71.4,61.8
STU_1416,2.3,70.8,5.6,60.3,53.6
STU_1417,1.8,82.7,7.1,54.3,57.1
STU_1418,1.9,84.9,6.0,79.9,65.9
STU_1419,2.7,82.6,6.9,79.5,70.8
STU_1420,2.1,75.9,8.3,89.7,78.8
STU_1421,2.1,82.6,8.2,62.4,66.4
STU_1422,2.4,88.3,7.1,79.5,69.2
STU_1423,1.6,85.6,7.0,68.2,64.7
STU_1424,1.3,87.6,8.8,85.2,72.8
STU_1425,1.2,80.3,7.6,83.3,65.6
STU_1426,0.6,96.0,6.8,73.9,63.9
STU_1427,3.0,76.0,5.8,67.6,69.9
STU_1428,1.1,90.1,7.5,82.6,62.0
STU_1429,1.7,96.0,7.8,78.9,72.1
STU_1430,1.6,90.1,6.5,63.6,61.5
STU_1431,2.0,84.3,7.4,56.2,58.9
STU_1432,2.3,81.5,6.8,68.2,68.3
STU_1433,2.3,94.8,6.9,88.9,73.4
STU_1434,1.4,73.9,4.9,84.7,55.0
STU_1435,1.7,77.8,6.9,58.7,54.7
STU_1436,2.0,82.6,8.0,58.1,58.9
STU_1437,1.6,96.5,6.5,86.2,71.4
STU_1438,2.8,89.2,7.1,58.4,69.7
STU_1439,2.1,77.8,6.4,77.4,68.1
STU_1440,2.2,83.4,7.4,64.4,63.2
STU_1441,2.2,80.8,6.9,90.1,73.5
STU_1442,2.5,80.0,6.3,62.6,61.4
STU_1443,1.9,94.3,8.3,84.6,74.5
STU_1444,1.0,74.3,7.9,73.6,56.0
STU_1445,2.0,99.7,6.6,74.4,70.6
STU_1446,1.4,93.0,7.5,48.8,57.6
STU_1447,1.5,95.3,7.6,46.2,59.7
STU_1448,2.1,82.1,7.7,69.0,65.0
STU_1449,2.5,84.7,5.6,74.3,69.3
STU_1450,1.8,73.8,8.0,58.6,59.1
STU_1451,2.0,81.5,6.6,59.0,64.5
STU_1452,2.8,90.2,6.8,78.0,71.5
STU_1453,1.9,97.0,9.5,78.0,75.7
STU_1454,3.3,76.6,7.4,69.9,74.7
STU_1455,2.1,82.9,6.8,80.5,73.0
STU_1456,0.7,84.7,5.1,58.0,41.8
STU_1457,2.2,74.1,8.4,67.4,57.5
STU_1458,2.0,91.0,5.9,90.5,72.6
STU_1459,2.6,79.8,6.2,72.3,67.8
STU_1460,2.2,84.3,6.8,73.0,70.9
STU_1461,1.7,82.2,8.4,98.0,73.2
STU_1462,1.1,79.3,7.8,55.4,51.0
STU_1463,1.7,85.9,7.0,80.7,63.1
STU_1464,1.3,84.2,7.4,90.6,72.7
STU_1465,1.4,82.8,6.6,67.8,63.4
STU_1466,2.1,79.8,7.2,81.4,69.8
STU_1467,2.8,88.7,7.2,60.2,68.3
STU_1468,2.0,100.0,8.0,63.6,69.4
STU_1469,1.1,87.2,8.0,75.9,67.9
STU_1470,2.1,94.5,7.5,80.7,75.3
STU_1471,2.5,74.2,6.8,84.4,65.3
STU_1472,1.4,87.3,7.8,89.6,66.4
STU_1473,1.7,76.7,7.0,70.7,58.9
STU_1474,1.8,73.4,6.1,85.2,61.4
STU_1475,1.3,79.7,6.7,67.6,56.2
STU_1476,2.2,96.1,7.2,81.9,75.9
STU_1477,1.7,94.1,7.9,73.9,66.9
STU_1478,2.0,88.1,6.9,76.6,66.2
STU_1479,1.3,73.0,6.0,76.4,49.9
STU_1480,1.5,84.3,7.2,53.0,59.9
STU_1481,2.2,88.6,7.2,58.6,66.6
STU_1482,1.6,87.5,7.3,72.7,70.3
STU_1483,2.8,70.3,7.9,52.1,58.3
STU_1484,1.5,78.4,8.0,81.1,65.5
STU_1485,1.9,85.5,6.6,81.5,73.7
STU_1486,2.3,90.6,6.5,75.3,71.1
STU_1487,0.9,67.3,6.2,58.6,42.6
STU_1488,0.7,84.6,7.7,87.4,64.1
STU_1489,0.9,87.2,8.4,94.9,61.6
STU_1490,2.5,93.2,6.8,73.2,77.7
STU_1491,1.5,91.9,6.9,77.4,68.2
STU_1492,3.3,91.0,8.4,73.8,81.8
STU_1493,1.4,79.2,7.6,77.6,64.0
STU_1494,1.9,69.8,7.5,70.1,57.2
STU_1495,2.7,82.7,6.0,71.1,68.4
STU_1496,3.0,94.5,7.7,81.9,83.6
STU_1497,3.0,97.8,6.3,98.5,83.8
STU_1498,2.5,92.0,6.1,55.4,64.7
STU_1499,2.4,89.6,6.8,70.3,71.7
STU_1500,2.1,89.2,6.6,57.9,61.6
STU_1501,2.3,81.3,6.9,89.8,76.9
STU_1502,1.5,84.9,5.8,64.7,55.5
STU_1503,1.3,100.0,8.0,54.9,56.1
STU_1504,1.8,78.0,8.1,78.8,68.9
STU_1505,1.7,99.7,5.3,91.6,71.4
STU_1506,1.5,83.3,8.0,79.1,61.4
STU_1507,2.2,97.3,6.4,73.9,72.8
STU_1508,2.4,74.0,7.9,76.2,62.9
STU_1509,1.8,91.0,7.0,87.8,72.8
STU_1510,2.7,79.7,7.1,61.4,62.8
STU_1511,1.1,74.0,6.9,70.2,48.1
STU_1512,1.7,87.9,8.2,66.3,67.3
STU_1513,1.4,94.6,6.0,58.1,57.4
STU_1514,0.7,78.8,7.6,67.7,53.4
STU_1515,1.7,73.3,8.1,84.2,62.3
STU_1516,1.7,85.2,7.7,78.0,69.6
STU_1517,2.7,85.3,9.2,78.9,79.5
STU_1518,2.2,90.7,6.6,73.2,69.5
STU_1519,1.2,94.1,8.0,77.5,69.7
STU_1520,2.9,85.5,7.0,62.3,72.8
STU_1521,2.5,100.0,8.2,67.9,75.2
STU_1522,2.1,87.9,7.1,73.7,69.4
STU_1523,1.6,83.1,6.8,74.7,66.3
STU_1524,1.2,72.3,8.3,75.2,56.0
STU_1525,1.6,83.8,6.7,69.9,65.5
STU_1526,2.4,83.1,5.8,67.2,68.7
STU_1527,2.9,94.2,6.6,100.0,84.1
STU_1528,2.7,89.9,7.7,81.9,75.2
STU_1529,1.5,76.0,8.4,76.3,62.6
STU_1530,1.1,87.5,7.2,68.8,62.4
STU_1531,1.9,91.7,8.3,66.3,62.2
STU_1532,0.7,99.0,5.9,70.0,58.9
STU_1533,2.0,93.5,6.7,74.9,70.7
STU_1534,1.7,92.5,6.8,49.9,60.2
STU_1535,1.5,86.5,7.0,53.5,56.2
STU_1536,0.8,89.3,7.2,64.2,51.6
STU_1537,2.1,96.6,7.7,73.9,69.1
STU_1538,1.5,74.7,6.7,68.7,49.5
STU_1539,1.1,83.0,7.2,88.5,65.1
STU_1540,0.3,79.4,7.1,54.5,44.8
STU_1541,1.8,89.2,6.3,62.9,58.1
STU_1542,2.8,96.5,7.0,89.0,87.2
STU_1543,2.8,80.9,7.0,73.0,68.6
STU_1544,1.5,65.7,7.0,81.7,61.0
STU_1545,1.4,82.5,7.1,95.1,75.2
STU_1546,2.1,93.8,7.2,63.5,69.0
STU_1547,1.2,90.6,6.7,70.4,58.9
STU_1548,2.0,89.6,8.2,68.4,69.0
STU_1549,2.2,83.6,6.0,49.0,53.4
STU_1550,2.5,75.1,6.5,67.9,69.0
STU_1551,1.7,90.4,9.6,81.6,73.0
STU_1552,1.7,78.9,6.2,77.7,63.4
STU_1553,1.3,100.0,5.9,78.6,62.5
STU_1554,1.3,90.8,7.8,67.2,54.4
STU_1555,1.6,81.1,5.2,64.0,49.7
STU_1556,2.0,80.8,6.9,86.1,75.1
STU_1557,2.3,85.2,9.0,65.8,68.1
STU_1558,1.3,84.0,5.7,74.9,60.4
STU_1559,2.7,95.5,5.3,73.4,70.5
STU_1560,1.6,87.6,5.8,88.3,75.1
STU_1561,1.8,79.8,7.9,82.7,73.9
STU_1562,1.3,100.0,8.1,56.6,56.9
STU_1563,0.3,86.4,6.6,57.8,41.8
STU_1564,2.3,92.5,7.7,78.2,81.5
STU_1565,2.2,80.8,8.4,70.8,75.7
STU_1566,1.6,89.1,8.7,66.3,65.1
STU_1567,1.8,88.6,6.9,83.2,67.0
STU_1568,2.1,69.9,5.0,73.7,54.9
STU_1569,0.8,100.0,6.4,72.1,59.9
STU_1570,1.5,97.0,6.7,80.5,68.6
STU_1571,2.3,82.6,6.9,67.2,69.3
STU_1572,1.0,76.6,6.9,89.5,65.6
STU_1573,2.0,89.0,8.1,62.4,61.7
STU_1574,1.0,86.7,8.2,79.1,63.2
STU_1575,2.1,89.0,6.9,88.0,77.2
STU_1576,1.8,87.6,8.1,55.7,62.1
STU_1577,0.8,90.3,7.4,67.6,58.3
STU_1578,2.5,98.3,7.2,84.6,82.1
STU_1579,1.3,90.8,7.9,84.8,68.3
STU_1580,1.3,77.1,7.2,69.5,59.6
STU_1581,1.9,97.6,9.0,63.1,57.7
STU_1582,2.5,99.9,5.8,82.5,75.6
STU_1583,1.2,100.0,6.6,85.1,71.4
STU_1584,1.8,76.5,7.0,58.1,56.5
STU_1585,2.0,88.1,7.5,57.7,60.9
STU_1586,2.2,68.3,8.2,74.1,58.1
STU_1587,1.9,90.7,7.1,78.7,73.4
STU_1588,1.6,81.3,5.8,68.1,61.5
STU_1589,1.3,100.0,7.9,79.3,71.6
STU_1590,1.8,79.4,7.8,63.3,56.4
STU_1591,1.1,71.6,5.4,47.2,35.0
STU_1592,0.3,82.0,7.1,66.6,50.2
STU_1593,2.0,69.2,5.7,72.2,55.0
STU_1594,2.3,92.4,6.5,68.3,66.8
STU_1595,0.4,68.4,6.3,58.2,37.2
STU_1596,1.2,86.2,7.8,50.6,55.6
STU_1597,2.2,68.3,7.2,65.6,50.6
STU_1598,3.0,83.3,5.9,81.8,82.3
STU_1599,1.8,100.0,7.9,85.9,77.2
STU_1600,1.3,89.1,5.8,85.2,66.3
STU_1601,1.7,78.7,7.4,62.1,62.3
STU_1602,2.6,85.7,6.4,58.2,60.8
STU_1603,1.4,86.2,6.8,77.2,62.5
STU_1604,1.3,90.0,7.6,78.8,65.9
STU_1605,1.5,74.4,7.6,76.1,61.4
STU_1606,1.2,91.0,8.3,48.3,53.7
STU_1607,1.9,63.0,7.0,61.5,52.3
STU_1608,2.8,80.6,7.4,71.2,70.5
STU_1609,2.0,81.8,6.7,77.1,69.4
STU_1610,1.6,91.4,7.3,80.3,74.2
STU_1611,1.6,86.2,7.5,73.2,68.3
STU_1612,0.8,74.1,7.0,75.3,50.4
STU_1613,2.3,77.6,5.5,72.5,67.9
STU_1614,1.7,87.7,7.4,79.4,70.6
STU_1615,1.7,85.3,7.4,75.1,68.0
STU_1616,3.7,81.1,6.5,72.3,82.0
STU_1617,2.0,81.9,5.9,68.4,66.6
STU_1618,1.3,91.9,8.4,72.4,64.7
STU_1619,1.5,81.6,7.5,77.1,67.1
STU_1620,2.5,85.3,6.9,74.6,70.7
STU_1621,1.9,100.0,6.1,75.9,67.2
STU_1622,0.9,73.9,6.4,86.9,54.7
STU_1623,2.3,70.3,8.3,74.5,62.5
STU_1624,1.4,92.7,7.2,64.0,55.9
STU_1625,2.9,80.2,6.6,81.7,78.9
STU_1626,2.4,83.3,7.6,55.8,55.3
STU_1627,1.5,79.4,6.4,59.1,63.8
STU_1628,2.6,83.8,8.5,75.4,79.2
STU_1629,1.8,99.6,8.3,77.4,71.8
STU_1630,2.3,92.8,6.7,57.2,64.4
STU_1631,2.1,93.3,6.5,67.1,67.7
STU_1632,1.3,74.0,4.7,64.5,40.7
STU_1633,1.4,76.2,5.8,65.9,56.8
STU_1634,2.4,61.9,5.9,82.4,61.4
STU_1635,1.6,79.1,7.2,79.6,65.7
STU_1636,1.5,94.1,6.8,71.3,65.1
STU_1637,1.2,90.4,5.9,65.2,53.7
STU_1638,2.0,84.1,6.8,56.0,59.9
STU_1639,3.0,85.8,7.6,87.8,82.7
STU_1640,1.1,80.1,7.6,78.3,62.7
STU_1641,1.8,87.7,5.4,63.4,55.2
STU_1642,2.6,92.5,7.0,79.8,79.9
STU_1643,1.7,72.3,5.9,70.7,52.8
STU_1644,2.1,88.5,7.9,68.2,68.7
STU_1645,1.1,93.9,7.8,76.5,68.8
STU_1646,2.0,82.5,6.3,63.0,61.5
STU_1647,1.7,92.0,6.4,67.5,64.1
STU_1648,2.4,100.0,6.7,72.9,73.0
STU_1649,2.5,85.1,5.1,65.8,65.0
STU_1650,3.3,89.3,7.4,79.2,80.7
STU_1651,2.1,79.7,6.9,93.0,79.1
STU_1652,2.0,87.5,8.0,62.8,64.6
STU_1653,1.9,89.9,6.1,52.4,55.3
STU_1654,1.6,87.7,6.5,48.5,56.0
STU_1655,2.0,77.3,5.7,69.8,61.7
STU_1656,1.6,87.8,6.2,63.9,61.9
STU_1657,1.9,98.4,6.0,73.9,60.4
STU_1658,2.6,89.8,8.0,73.0,74.4
STU_1659,1.2,94.2,6.5,53.1,52.8
STU_1660,2.5,84.0,7.2,50.6,58.7
STU_1661,2.6,92.4,6.8,74.9,72.5
STU_1662,1.7,88.4,6.0,73.1,62.8
STU_1663,0.5,77.9,6.9,66.6,51.3
STU_1664,1.4,88.7,7.6,52.4,51.6
STU_1665,2.6,77.6,6.0,76.9,71.6
STU_1666,1.8,80.6,7.8,86.1,75.5
STU_1667,1.2,87.6,6.3,74.7,62.4
STU_1668,1.5,88.5,6.7,61.8,61.6
STU_1669,2.3,75.9,7.6,72.0,71.3
STU_1670,2.1,95.0,6.5,55.8,66.2
STU_1671,1.6,90.9,7.1,83.7,75.8
STU_1672,1.6,80.0,6.8,72.4,61.2
STU_1673,1.6,72.9,7.2,51.2,44.6
STU_1674,1.2,84.8,5.0,68.0,54.3
STU_1675,2.8,82.2,5.5,76.8,74.7
STU_1676,1.6,87.0,7.7,67.7,65.7
STU_1677,2.5,82.9,8.0,68.3,75.7
STU_1678,2.7,68.9,6.3,57.4,55.8
STU_1679,2.4,82.7,6.9,78.0,73.2
STU_1680,1.5,83.4,7.4,64.0,57.0
STU_1681,2.0,91.4,7.7,46.7,65.0
STU_1682,1.8,80.1,5.3,67.2,54.6
STU_1683,1.2,100.0,6.3,82.8,66.8
STU_1684,2.0,69.8,6.8,67.1,54.2
STU_1685,1.1,97.1,7.7,91.5,69.8
STU_1686,2.5,84.1,9.3,76.4,73.2
STU_1687,1.5,93.3,6.9,75.4,64.6
STU_1688,1.9,86.7,5.8,70.0,60.0
STU_1689,2.0,95.7,7.5,70.7,67.0
STU_1690,1.6,82.7,8.3,68.5,69.4
STU_1691,2.1,76.7,7.2,68.0,66.7
STU_1692,1.5,98.1,6.3,77.6,70.2
STU_1693,2.3,85.0,8.0,60.7,69.3
STU_1694,1.0,87.9,7.7,59.1,60.9
STU_1695,1.9,96.5,6.2,58.6,56.7
STU_1696,2.9,77.2,7.4,95.0,78.6
STU_1697,1.2,91.1,8.0,77.6,63.4
STU_1698,1.4,81.0,8.2,75.0,62.9
STU_1699,2.1,84.9,7.0,59.3,61.5
STU_1700,1.9,86.6,6.8,78.7,67.7
STU_1701,2.0,73.2,8.2,70.2,59.8
STU_1702,2.1,79.4,6.0,74.0,66.1
STU_1703,2.2,97.5,7.5,60.3,64.8
STU_1704,2.5,93.5,5.9,73.3,65.2
STU_1705,2.0,85.5,8.1,66.6,63.2
STU_1706,1.6,88.1,6.9,62.7,58.9
STU_1707,2.2,83.5,8.2,79.9,72.3
STU_1708,2.9,97.5,7.5,53.8,66.2
STU_1709,1.7,84.3,6.0,78.0,64.2
STU_1710,1.2,88.0,8.4,79.4,63.0
STU_1711,2.4,95.7,8.5,61.4,69.5
STU_1712,1.7,79.4,7.9,62.1,57.2
STU_1713,0.5,99.2,6.4,68.9,53.9
STU_1714,2.3,73.0,6.8,74.7,57.6
STU_1715,1.5,99.9,7.2,69.7,65.2
STU_1716,1.7,82.8,6.5,76.5,62.8
STU_1717,2.0,83.9,8.6,91.8,79.8
STU_1718,1.9,69.9,7.2,65.7,55.7
STU_1719,2.2,82.1,4.7,51.8,51.7
STU_1720,1.5,77.2,7.4,81.0,63.3
STU_1721,2.1,80.8,6.8,90.9,75.6
STU_1722,1.6,84.8,7.0,76.0,67.6
STU_1723,2.2,94.1,6.8,59.0,65.2
STU_1724,2.2,87.8,7.8,70.1,74.1
STU_1725,1.2,88.6,8.1,58.6,58.8
STU_1726,2.4,76.7,7.4,78.9,74.4
STU_1727,1.5,78.5,6.8,56.0,55.1
STU_1728,2.3,100.0,7.1,68.0,73.0
STU_1729,2.0,79.8,7.1,60.0,58.5
STU_1730,2.9,100.0,6.4,73.0,75.4
STU_1731,1.7,83.9,7.6,67.3,64.2
STU_1732,1.6,86.0,7.5,73.5,66.4
STU_1733,1.8,95.1,8.5,71.8,71.0
STU_1734,1.6,96.8,8.2,60.2,66.4
STU_1735,2.3,85.1,6.5,78.7,67.2
STU_1736,0.8,82.7,7.8,70.9,54.8
STU_1737,1.2,85.5,6.2,60.1,55.5
STU_1738,1.1,88.9,7.7,97.3,70.2
STU_1739,2.4,93.6,6.6,77.0,83.6
STU_1740,2.8,86.0,6.2,69.7,72.9
STU_1741,1.7,91.3,7.4,87.8,72.9
STU_1742,1.7,99.9,4.7,92.7,67.6
STU_1743,1.8,89.2,5.5,69.8,62.0
STU_1744,2.5,88.6,6.9,75.5,73.0
STU_1745,1.2,73.1,7.2,60.1,47.8
STU_1746,1.9,63.6,6.8,69.8,52.9
STU_1747,2.4,89.3,5.7,69.2,67.3
STU_1748,2.1,85.2,6.4,73.6,71.7
STU_1749,1.9,81.6,7.5,75.3,71.6
STU_1750,2.4,88.1,7.6,77.9,74.7
STU_1751,0.3,85.5,7.1,74.2,51.0
STU_1752,2.2,95.6,8.1,57.6,67.8
STU_1753,1.4,86.7,7.5,60.7,63.3
STU_1754,0.7,79.7,6.4,65.2,56.2
STU_1755,2.1,94.4,6.8,68.3,70.2
STU_1756,2.6,84.2,5.8,83.6,79.0
STU_1757,1.7,90.5,7.0,58.1,60.2
STU_1758,2.4,81.9,8.1,67.4,70.7
STU_1759,2.8,80.5,7.7,82.5,75.4
STU_1760,2.6,86.7,8.4,68.1,73.0
STU_1761,2.8,86.1,6.8,76.8,79.1
STU_1762,2.2,90.1,8.3,69.9,68.6
STU_1763,1.8,83.7,6.9,74.5,63.4
STU_1764,0.8,70.4,8.4,68.9,49.3
STU_1765,1.6,82.3,7.1,79.2,65.7
STU_1766,1.3,92.7,7.7,53.7,58.4
STU_1767,3.1,83.5,8.4,67.3,73.6
STU_1768,1.7,83.9,6.9,74.9,70.6
STU_1769,1.9,94.4,7.3,77.6,67.1
STU_1770,2.1,79.9,8.3,88.7,79.1
STU_1771,1.8,72.9,7.0,67.0,52.3
STU_1772,2.8,84.6,5.9,88.5,73.1
STU_1773,1.4,81.9,9.0,63.9,61.5
STU_1774,1.9,77.8,6.7,86.8,69.6
STU_1775,1.3,84.5,7.2,80.9,62.1
STU_1776,1.0,90.2,8.1,61.0,52.1
STU_1777,1.4,85.9,6.6,75.0,63.2
STU_1778,1.8,88.6,6.2,70.9,67.6
STU_1779,1.5,100.0,7.3,78.7,71.3
STU_1780,1.4,83.1,5.5,68.9,58.8
STU_1781,0.9,88.4,6.8,68.0,58.7
STU_1782,1.7,81.7,7.3,87.2,70.6
STU_1783,0.9,78.8,6.9,70.4,52.0
STU_1784,2.2,81.0,5.7,81.0,65.4
STU_1785,1.8,81.9,8.5,68.9,64.8
STU_1786,0.9,89.1,7.2,90.7,67.0
STU_1787,1.6,100.0,8.4,63.7,68.0
STU_1788,1.3,79.9,6.9,64.4,59.4
STU_1789,2.0,82.5,6.3,89.0,74.4
STU_1790,2.6,85.5,7.3,66.4,68.9
STU_1791,0.7,89.4,6.9,89.9,61.1
STU_1792,1.9,88.2,6.0,81.8,70.9
STU_1793,1.7,96.9,8.4,69.7,69.7
STU_1794,2.2,65.4,6.5,50.6,41.4
STU_1795,1.9,65.7,5.4,71.3,46.5
STU_1796,1.3,81.8,8.3,72.7,60.8
STU_1797,1.6,95.3,6.6,84.9,71.4
STU_1798,1.3,72.7,6.6,89.8,57.4
STU_1799,2.4,60.4,5.5,63.6,53.0
STU_1800,1.8,90.9,8.7,80.7,71.9
STU_1801,2.9,88.1,5.9,80.3,76.1
STU_1802,1.7,76.7,7.2,83.8,65.9
STU_1803,1.4,77.6,7.9,77.2,62.1
STU_1804,0.9,77.8,7.5,49.2,44.7
STU_1805,0.7,86.9,7.0,69.7,57.5
STU_1806,0.8,80.7,5.6,58.2,50.9
STU_1807,1.9,90.2,6.4,69.2,63.0
STU_1808,2.1,61.7,7.3,82.8,66.1
STU_1809,0.8,78.7,6.4,75.0,55.9
STU_1810,2.3,76.4,7.3,84.7,77.7
STU_1811,1.5,83.8,7.7,75.4,63.2
STU_1812,1.9,81.4,8.0,56.6,54.1
STU_1813,2.8,92.8,6.0,42.5,62.3
STU_1814,2.3,70.2,9.1,73.2,64.0
STU_1815,1.6,86.4,7.8,69.0,64.1
STU_1816,1.3,90.7,7.1,60.3,56.1
STU_1817,0.5,100.0,8.1,51.9,51.6
STU_1818,1.4,81.9,9.2,63.1,59.2
STU_1819,1.7,88.8,5.8,69.3,61.9
STU_1820,1.2,70.7,6.9,79.2,57.1
STU_1821,1.7,65.7,5.0,73.7,48.6
STU_1822,1.8,93.2,7.3,90.0,77.0
STU_1823,1.7,86.0,7.4,59.6,59.5
STU_1824,1.4,96.0,7.1,81.6,67.9
STU_1825,1.9,74.3,6.5,72.0,53.7
STU_1826,2.1,90.4,5.3,79.5,64.2
STU_1827,1.1,100.0,7.4,66.5,51.6
STU_1828,2.6,89.6,8.4,83.8,77.6
STU_1829,1.7,88.4,6.6,74.9,65.8
STU_1830,1.8,86.1,7.5,63.7,64.5
STU_1831,2.2,72.6,5.7,71.4,57.0
STU_1832,1.9,97.5,7.5,68.7,69.2
STU_1833,2.4,80.8,6.7,77.1,64.3
STU_1834,2.0,90.3,6.4,57.9,61.2
STU_1835,1.4,72.7,6.4,71.2,47.5
STU_1836,2.0,76.0,6.7,76.0,62.6
STU_1837,1.1,98.2,7.4,71.9,62.8
STU_1838,1.9,83.0,5.9,87.0,74.4
STU_1839,1.8,98.4,6.7,80.4,72.6
STU_1840,1.7,85.3,7.1,71.4,64.6
STU_1841,1.7,70.3,6.1,74.0,55.0
STU_1842,0.7,93.6,8.7,74.9,60.1
STU_1843,1.5,81.0,6.3,76.1,61.4
STU_1844,1.8,91.9,6.5,50.5,58.5
STU_1845,1.9,86.2,6.2,68.0,59.6
STU_1846,1.2,72.9,8.7,54.4,48.7
STU_1847,2.5,87.4,7.6,86.2,76.9
STU_1848,1.3,100.0,6.3,70.8,65.9
STU_1849,2.4,90.2,8.1,69.3,74.3
STU_1850,2.0,85.5,7.3,81.8,66.5
STU_1851,1.4,95.1,7.3,76.4,65.0
STU_1852,2.9,87.8,6.8,58.5,66.0
STU_1853,1.1,87.8,6.4,70.7,53.9
STU_1854,2.3,76.7,7.4,67.6,63.0
STU_1855,2.4,88.0,6.6,51.4,68.8
STU_1856,1.4,94.8,8.7,63.6,65.0
STU_1857,2.6,78.9,6.0,69.4,73.6
STU_1858,1.6,98.1,8.5,70.2,70.4
STU_1859,2.0,85.2,7.0,54.5,57.4
STU_1860,1.9,78.5,7.4,84.7,69.4
STU_1861,1.7,94.5,7.8,70.3,68.8
STU_1862,2.3,83.6,6.5,71.9,69.6
STU_1863,2.3,92.5,7.9,76.1,72.1
STU_1864,0.7,83.5,4.7,62.4,40.5
STU_1865,2.6,85.5,6.5,76.7,82.9
STU_1866,0.8,90.2,6.3,67.3,55.5
STU_1867,2.4,88.5,6.0,61.2,64.0
STU_1868,2.5,69.0,6.9,78.1,64.0
STU_1869,1.1,76.5,7.4,88.7,64.9
STU_1870,1.5,93.9,7.7,79.8,69.6
STU_1871,1.1,84.9,7.3,82.1,68.5
STU_1872,1.7,81.5,6.5,65.5,60.1
STU_1873,1.6,74.5,7.4,53.1,44.6
STU_1874,2.3,76.8,7.2,88.6,74.2
STU_1875,2.6,68.8,7.9,95.1,71.5
STU_1876,2.6,85.1,7.8,89.2,84.1
STU_1877,1.4,80.9,7.1,67.6,63.2
STU_1878,1.7,77.8,6.3,58.2,56.7
STU_1879,0.8,85.4,6.5,59.2,47.9
STU_1880,1.3,89.1,6.6,52.1,49.9
STU_1881,2.4,100.0,6.8,70.3,72.4
STU_1882,2.8,73.1,7.3,90.0,73.4
STU_1883,1.0,95.9,7.7,69.9,60.5
STU_1884,1.4,94.3,7.1,75.0,64.3
STU_1885,1.8,79.4,7.1,87.3,68.9
STU_1886,2.0,87.7,7.2,66.9,65.6
STU_1887,1.3,82.1,6.6,94.9,62.9
STU_1888,2.0,87.6,6.3,94.4,72.7
STU_1889,1.5,98.8,5.5,70.0,61.5
STU_1890,1.8,91.1,6.5,64.9,66.7
STU_1891,2.1,90.3,7.5,79.5,70.2
STU_1892,1.8,82.3,6.5,67.5,62.8
STU_1893,1.5,73.4,6.9,58.2,49.3
STU_1894,1.7,84.2,7.5,86.2,75.0
STU_1895,1.7,96.3,7.6,85.5,77.4
STU_1896,1.6,73.0,6.1,73.3,54.4
STU_1897,1.6,77.0,8.0,57.0,55.7
STU_1898,2.7,87.1,8.1,57.4,66.1
STU_1899,2.1,77.6,6.1,72.7,64.5
STU_1900,1.6,79.3,6.4,65.8,57.9
STU_1901,2.2,82.4,8.2,67.6,69.3
STU_1902,1.6,74.4,7.0,83.3,61.5
STU_1903,2.5,77.7,5.1,79.9,67.3
STU_1904,2.0,92.0,5.8,87.3,77.1
STU_1905,1.7,74.9,6.9,60.1,56.9
STU_1906,2.1,72.4,6.1,67.6,56.3
STU_1907,0.8,80.6,6.7,80.2,63.1
STU_1908,1.1,92.2,7.1,76.7,62.6
STU_1909,1.1,84.3,8.4,89.1,72.4
STU_1910,1.9,82.1,6.8,76.3,70.3
STU_1911,2.8,86.4,8.1,92.8,86.6
STU_1912,3.1,71.2,8.4,77.7,70.9
STU_1913,2.2,90.2,8.4,83.7,74.4
STU_1914,2.1,89.3,7.4,67.8,63.2
STU_1915,0.7,82.5,5.3,71.7,49.4
STU_1916,1.5,94.6,7.5,82.0,74.7
STU_1917,1.3,76.4,8.0,90.0,67.6
STU_1918,1.4,95.6,7.0,79.9,70.3
STU_1919,1.7,87.3,8.7,70.5,69.2
STU_1920,1.5,83.1,7.9,87.3,69.4
STU_1921,0.6,85.8,7.6,46.3,50.3
STU_1922,2.2,85.1,8.1,55.1,54.1
STU_1923,1.1,96.4,7.4,79.3,62.4
STU_1924,1.9,76.8,4.9,71.7,54.3
STU_1925,3.0,79.5,6.7,78.5,73.3
STU_1926,1.2,94.8,8.2,72.2,65.6
STU_1927,0.3,80.9,6.4,78.1,55.6
STU_1928,1.6,93.7,6.9,62.1,62.7
STU_1929,2.4,100.0,6.2,78.1,76.6
STU_1930,3.0,82.6,8.7,82.9,78.0
STU_1931,1.0,91.8,8.6,85.5,64.8
STU_1932,2.1,76.2,6.3,94.7,75.6
STU_1933,1.5,92.4,7.2,74.3,64.1
STU_1934,1.7,87.7,6.5,74.6,61.0
STU_1935,3.4,90.0,7.7,54.0,75.1
STU_1936,0.9,80.5,7.6,65.4,59.7
STU_1937,1.9,71.9,7.8,69.3,61.9
STU_1938,2.1,90.3,7.4,83.6,74.8
STU_1939,2.4,68.5,9.7,64.5,62.6
STU_1940,1.8,83.3,6.2,80.7,71.7
STU_1941,2.0,94.0,5.6,71.5,65.0
STU_1942,1.6,87.6,6.7,69.5,66.3
STU_1943,1.9,100.0,5.7,74.4,69.6
STU_1944,1.6,94.7,5.8,67.0,65.1
STU_1945,2.2,80.4,6.2,66.6,64.7
STU_1946,1.6,86.2,6.3,51.9,58.7
STU_1947,2.0,85.6,6.2,68.6,65.3
STU_1948,1.8,72.6,7.6,66.0,50.5
STU_1949,2.5,78.0,6.6,65.6,70.4
STU_1950,1.8,81.2,6.9,76.3,63.4
STU_1951,0.7,68.7,7.9,79.1,55.3
STU_1952,2.5,86.4,6.4,74.2,71.0
STU_1953,1.2,83.9,6.9,82.9,68.5
STU_1954,1.4,71.8,7.4,78.1,59.9
STU_1955,1.4,89.4,5.4,68.1,56.4
STU_1956,2.6,92.1,5.0,66.2,65.1
STU_1957,0.5,87.9,7.4,75.1,59.1
STU_1958,3.7,83.2,7.5,78.1,76.8
STU_1959,2.4,91.0,9.0,87.6,80.8
STU_1960,1.9,91.8,7.2,85.2,70.1
STU_1961,1.8,88.6,7.8,65.3,64.9
STU_1962,2.0,79.0,6.9,70.3,61.3
STU_1963,2.1,88.4,7.4,79.2,68.4
STU_1964,2.2,96.2,8.6,83.8,82.8
STU_1965,2.1,80.9,5.2,82.3,67.5
STU_1966,1.8,100.0,7.5,70.8,68.8
STU_1967,1.7,81.5,9.0,57.1,60.8
STU_1968,1.7,86.3,7.4,60.0,59.7
STU_1969,1.7,80.3,8.6,74.6,68.5
STU_1970,2.5,87.9,6.5,75.4,70.2
STU_1971,2.1,71.2,7.1,58.9,56.3
STU_1972,0.3,81.4,7.1,72.0,52.4
STU_1973,2.2,76.7,5.1,78.8,61.3
STU_1974,1.9,87.2,6.0,58.3,59.7
STU_1975,1.8,94.5,6.1,84.2,69.7
STU_1976,1.6,91.5,7.8,67.2,65.3
STU_1977,2.5,65.8,7.9,86.0,66.0
STU_1978,2.4,100.0,7.4,65.4,72.5
STU_1979,1.3,88.5,7.8,59.7,61.8
STU_1980,2.0,79.4,7.0,66.2,61.1
STU_1981,1.2,87.3,8.2,70.4,61.8
STU_1982,1.0,87.5,7.1,67.0,59.2
STU_1983,1.4,80.3,7.2,69.0,59.0
STU_1984,2.3,87.7,6.9,75.3,72.5
STU_1985,2.4,80.8,7.7,69.5,70.6
STU_1986,2.1,82.6,6.7,70.7,69.5
STU_1987,2.2,80.2,8.0,51.8,58.4
STU_1988,2.1,73.8,6.1,76.0,56.9
STU_1989,1.4,87.2,6.1,70.5,60.1
STU_1990,2.0,91.0,7.7,90.0,73.8
STU_1991,2.3,90.4,7.0,60.7,67.4
STU_1992,2.2,93.0,6.7,50.7,57.4
STU_1993,2.5,88.8,7.9,78.6,82.6
STU_1994,2.2,81.5,6.6,75.5,72.5
STU_1995,2.0,93.1,6.9,59.9,63.5
STU_1996,2.4,74.5,8.4,53.9,58.5
STU_1997,1.8,78.3,8.5,89.2,68.2
STU_1998,1.3,77.8,8.5,87.8,76.1
STU_1999,1.7,95.2,6.8,42.9,52.6
STU_2000,1.3,94.0,8.2,66.2,62.3
STU_2001,1.4,90.1,6.2,90.6,64.6
STU_2002,1.7,95.1,6.3,66.0,64.9
STU_2003,1.3,78.5,5.0,65.9,47.1
STU_2004,1.6,89.0,8.6,68.2,65.5
STU_2005,0.6,84.9,6.3,58.6,48.0
STU_2006,1.9,93.2,7.0,51.9,56.3
STU_2007,1.8,85.0,6.3,83.6,66.9
STU_2008,1.3,82.7,7.7,50.3,53.5
STU_2009,2.2,90.6,6.8,74.3,66.6
STU_2010,2.3,93.4,5.9,81.7,71.5
STU_2011,0.8,80.3,7.5,54.8,52.1
STU_2012,1.3,85.5,5.8,60.9,63.2
STU_2013,1.3,77.0,6.3,85.5,66.0
STU_2014,1.2,64.8,5.2,77.6,43.1
STU_2015,2.3,87.7,5.8,64.4,64.0
STU_2016,1.7,91.2,7.3,85.3,72.1
STU_2017,1.6,88.2,5.3,85.4,62.4
STU_2018,0.6,69.4,5.8,74.6,49.0
STU_2019,2.2,83.0,7.1,61.1,64.2
STU_2020,1.0,67.1,6.6,66.7,49.3
STU_2021,1.8,97.6,8.9,74.8,70.9
STU_2022,2.0,76.8,8.8,69.3,70.3
STU_2023,2.6,96.7,6.3,82.3,77.1
STU_2024,1.0,94.0,7.6,53.9,51.5
STU_2025,0.3,78.3,7.8,54.3,52.5
STU_2026,1.9,76.4,6.6,73.6,59.0
STU_2027,2.9,89.0,5.8,65.8,68.4
STU_2028,2.5,78.8,7.1,64.3,64.4
STU_2029,1.9,86.9,6.9,51.2,65.2
STU_2030,1.5,81.9,6.7,71.7,67.3
STU_2031,2.3,70.9,7.5,70.9,64.8
STU_2032,1.2,67.0,6.4,79.0,52.0
STU_2033,2.1,87.9,6.1,72.3,74.6
STU_2034,2.1,81.2,7.2,70.0,67.4
STU_2035,2.4,81.3,7.4,85.0,78.1
STU_2036,3.4,91.9,6.0,56.4,71.9
STU_2037,2.0,96.0,7.9,77.7,72.8
STU_2038,1.5,83.7,5.5,52.3,51.8
STU_2039,1.8,83.1,6.6,61.9,59.6
STU_2040,0.7,90.3,6.9,57.6,53.7
STU_2041,1.4,74.5,6.5,80.5,58.0
STU_2042,1.5,87.9,6.6,70.7,62.6
STU_2043,1.5,90.7,8.8,71.3,70.9
STU_2044,1.9,91.8,6.3,58.8,52.3
STU_2045,1.3,69.5,9.3,68.1,55.0
STU_2046,2.5,79.5,7.5,62.7,68.5
STU_2047,1.8,78.5,7.2,75.9,69.3
STU_2048,1.8,86.8,7.5,60.1,61.3
STU_2049,1.6,90.1,9.4,86.8,74.9
STU_2050,1.9,98.7,6.2,52.2,62.8
STU_2051,2.3,81.8,6.1,62.2,67.7
STU_2052,1.3,81.8,6.4,90.8,67.1
STU_2053,1.4,95.8,7.1,66.5,63.3
STU_2054,1.6,88.5,5.5,56.4,61.2
STU_2055,1.0,96.8,7.1,74.0,56.4
STU_2056,1.3,88.5,8.6,66.0,59.8
STU_2057,1.5,76.2,7.2,61.9,61.6
STU_2058,2.3,74.7,6.8,58.9,58.5
STU_2059,1.9,72.8,6.5,100.0,70.2
STU_2060,1.9,91.6,7.9,68.6,66.0
STU_2061,2.3,96.1,6.4,49.4,58.8
STU_2062,1.7,100.0,8.8,88.7,75.5
STU_2063,2.0,93.2,8.8,78.5,78.5
STU_2064,1.7,95.9,7.3,62.7,61.6
STU_2065,1.9,81.1,7.1,60.8,61.0
STU_2066,1.4,76.2,8.0,79.2,62.4
STU_2067,0.3,93.2,8.1,68.7,58.2
STU_2068,1.7,89.6,6.4,49.4,53.8
STU_2069,2.6,86.9,6.6,92.1,79.6
STU_2070,2.3,89.3,5.9,66.5,61.4
STU_2071,2.4,88.7,7.5,88.7,73.7
STU_2072,2.5,96.9,7.7,86.2,80.3
STU_2073,1.8,97.0,5.9,60.0,57.6
STU_2074,1.9,90.6,6.7,83.4,78.1
STU_2075,1.4,93.2,5.9,64.0,53.1
STU_2076,1.6,90.4,6.3,50.0,52.5
STU_2077,2.2,82.1,7.6,66.6,66.4
STU_2078,2.5,92.4,6.4,76.1,72.3
STU_2079,1.7,74.1,6.8,66.2,50.2
STU_2080,1.5,95.0,5.6,68.0,58.9
STU_2081,1.8,75.8,7.3,84.7,66.1
STU_2082,2.1,88.4,7.1,72.7,68.0
STU_2083,0.9,78.8,6.4,61.8,57.9
STU_2084,0.4,90.7,6.9,79.6,59.2
STU_2085,1.5,85.7,7.3,73.8,67.9
STU_2086,1.1,72.4,6.4,42.5,39.6
STU_2087,1.5,89.6,5.8,76.4,67.7
STU_2088,1.7,81.1,8.7,76.0,59.3
STU_2089,1.5,93.5,6.5,71.7,63.3
STU_2090,2.7,86.0,7.0,81.8,80.6
STU_2091,2.0,89.4,8.0,63.8,64.0
STU_2092,2.0,77.9,10.0,75.4,76.0
STU_2093,2.2,81.0,6.0,53.5,63.0
STU_2094,1.1,82.1,7.5,76.2,60.4
STU_2095,2.4,93.3,6.5,94.0,78.9
STU_2096,1.7,100.0,6.6,60.1,59.4
STU_2097,2.2,79.2,6.5,62.8,60.8
STU_2098,1.1,95.2,6.1,63.3,53.7
STU_2099,0.9,67.6,7.1,73.0,50.5
STU_2100,2.3,75.8,5.8,59.3,56.0
STU_2101,2.0,77.9,8.0,76.3,70.3
STU_2102,1.2,74.5,7.1,81.2,58.3
STU_2103,1.3,72.5,7.5,77.6,50.8
STU_2104,2.5,89.5,6.7,51.2,67.3
STU_2105,1.1,84.2,6.8,82.9,65.7
STU_2106,2.8,89.2,7.4,82.3,81.1
STU_2107,1.2,91.9,6.1,81.0,62.6
STU_2108,2.2,88.3,6.8,75.8,72.4
STU_2109,1.6,91.6,6.3,74.0,68.6
STU_2110,2.1,85.4,6.3,83.4,71.4
STU_2111,1.5,75.9,5.2,93.6,69.3
STU_2112,1.7,95.0,8.3,60.5,63.8
STU_2113,1.8,81.0,6.5,83.9,72.3
STU_2114,1.2,78.0,8.1,70.5,60.9
STU_2115,2.2,84.5,8.1,70.0,70.7
STU_2116,1.5,78.2,5.9,53.8,47.5
STU_2117,1.6,82.5,6.1,68.2,61.7
STU_2118,1.2,88.9,9.4,60.0,57.5
STU_2119,0.3,89.0,8.7,66.2,52.0
STU_2120,1.7,78.4,7.1,58.9,63.0
STU_2121,3.2,81.9,7.3,66.3,72.9
STU_2122,2.3,95.1,6.5,66.8,65.6
STU_2123,1.8,90.2,7.5,72.6,66.4
STU_2124,1.6,100.0,6.5,52.9,54.6
STU_2125,1.8,96.0,5.3,54.9,58.2
STU_2126,2.1,95.7,5.9,75.7,68.1
STU_2127,1.1,74.2,7.1,62.3,49.3
STU_2128,2.5,92.5,6.1,83.9,80.3
STU_2129,2.2,85.5,7.0,74.1,68.0
STU_2130,2.2,81.3,6.1,78.5,70.8
STU_2131,2.0,87.4,6.4,87.7,70.2
STU_2132,1.8,94.0,7.9,67.9,74.2
STU_2133,2.2,90.3,7.3,64.9,69.9
STU_2134,2.1,78.5,7.1,81.5,69.8
STU_2135,1.6,92.3,7.9,77.4,66.6
STU_2136,1.4,80.6,7.5,69.3,60.5
STU_2137,1.8,87.8,8.4,87.5,73.3
STU_2138,2.7,83.4,6.7,69.1,76.2
STU_2139,1.0,84.1,6.7,71.9,54.9
STU_2140,0.9,92.5,5.9,71.7,59.0
STU_2141,1.9,77.2,6.7,60.8,59.3
STU_2142,1.8,100.0,8.0,72.4,69.8
STU_2143,1.9,70.5,8.3,87.6,64.9
STU_2144,1.9,80.9,8.0,76.6,68.2
STU_2145,1.7,89.1,5.5,71.9,66.2
STU_2146,2.7,91.0,8.1,69.6,75.9
STU_2147,0.8,85.1,5.4,75.3,53.8
STU_2148,1.3,85.5,7.9,80.1,57.1
STU_2149,1.7,89.5,6.8,78.5,69.0
STU_2150,0.8,84.0,7.7,67.7,51.6
STU_2151,1.7,97.8,5.9,75.2,69.3
STU_2152,2.8,93.1,8.2,77.0,83.0
STU_2153,1.8,93.4,5.8,59.9,57.8
STU_2154,1.9,77.8,6.5,73.4,63.7
STU_2155,1.0,85.3,6.2,46.6,45.8
STU_2156,1.4,83.4,5.5,77.0,65.8
STU_2157,1.6,77.5,7.2,79.1,65.7
STU_2158,1.6,89.1,8.7,80.1,75.6
STU_2159,2.6,81.4,9.5,67.0,73.2
STU_2160,2.1,91.6,7.2,75.1,71.5
STU_2161,1.1,76.9,8.1,87.9,66.5
STU_2162,1.9,100.0,7.3,87.8,78.9
STU_2163,2.1,78.4,7.5,71.2,61.4
STU_2164,2.5,87.9,6.8,73.1,71.9
STU_2165,2.7,92.7,7.3,84.3,79.4
STU_2166,1.2,81.1,7.6,54.2,55.4
STU_2167,1.3,93.2,6.6,67.8,60.5
STU_2168,1.0,75.6,7.0,86.9,60.3
STU_2169,1.6,98.3,7.0,82.7,71.3
STU_2170,2.1,86.1,7.8,75.7,67.3
STU_2171,2.4,80.9,6.1,54.2,54.7
STU_2172,1.7,83.5,7.1,70.9,66.1
STU_2173,1.6,92.9,8.8,64.7,66.6
STU_2174,1.9,81.0,8.1,75.3,69.5
STU_2175,1.3,79.6,8.3,62.2,61.8
STU_2176,3.0,84.1,7.1,59.7,67.4
STU_2177,0.8,76.0,7.4,47.8,41.8
STU_2178,1.9,100.0,8.0,85.6,76.3
STU_2179,3.0,81.2,8.5,66.9,72.6
STU_2180,1.8,93.1,5.3,73.3,58.5
STU_2181,1.7,87.8,5.9,71.5,63.4
STU_2182,1.6,77.6,8.3,59.2,56.7
STU_2183,1.7,85.9,6.9,57.0,52.9
STU_2184,2.6,92.7,6.5,59.9,66.2
STU_2185,0.5,84.4,6.0,63.2,46.9
STU_2186,2.7,96.1,6.6,75.7,76.5
STU_2187,0.9,94.7,5.8,62.3,53.0
STU_2188,1.6,93.8,9.0,91.6,80.0
STU_2189,1.5,82.1,7.1,83.3,72.1
STU_2190,2.1,76.8,7.0,80.8,71.6
STU_2191,0.8,80.8,7.6,70.1,52.1
STU_2192,2.1,87.7,8.0,88.9,81.2
STU_2193,3.0,90.6,8.0,69.0,80.6
STU_2194,1.0,67.5,8.1,71.1,50.5
STU_2195,1.9,85.9,6.5,73.5,70.3
STU_2196,1.4,87.3,6.8,79.6,64.1
STU_2197,2.0,83.6,7.8,78.8,64.9
STU_2198,1.8,97.0,6.6,66.0,62.7
STU_2199,1.4,89.6,7.1,65.4,65.9
STU_2200,2.1,97.1,7.5,78.9,69.4
STU_2201,2.9,84.2,7.8,79.7,78.0
STU_2202,1.7,94.0,5.5,67.0,62.7
STU_2203,2.2,99.9,7.7,53.2,63.2
STU_2204,1.0,97.1,6.9,69.1,59.2
STU_2205,1.2,76.7,7.7,78.7,62.9
STU_2206,2.1,83.8,7.8,92.3,75.3
STU_2207,2.7,83.1,8.5,57.7,63.6
STU_2208,2.0,90.2,8.3,66.6,68.2
STU_2209,1.6,91.8,8.3,67.0,68.2
STU_2210,1.8,78.9,8.4,87.1,74.8
STU_2211,1.0,86.6,7.4,71.1,57.3
STU_2212,2.1,68.8,7.1,61.1,49.9
STU_2213,2.3,98.3,7.9,77.9,75.0
STU_2214,1.5,81.6,7.8,66.8,65.9
STU_2215,1.5,86.5,6.8,57.4,59.0
STU_2216,1.9,83.4,7.5,61.2,64.0
STU_2217,1.5,95.7,7.1,91.4,76.4
STU_2218,1.7,61.9,6.3,75.9,55.5
STU_2219,3.0,85.9,8.3,72.7,77.2
STU_2220,1.6,85.1,7.1,68.6,64.6
STU_2221,1.6,82.1,8.9,74.9,65.3
STU_2222,1.4,100.0,5.6,74.7,60.7
STU_2223,2.2,78.5,6.6,74.9,69.9
STU_2224,1.7,92.6,7.1,72.8,70.5
STU_2225,1.4,89.0,8.1,81.5,65.3
STU_2226,2.6,96.7,7.5,71.8,77.2
STU_2227,2.6,80.3,7.4,60.3,71.2
STU_2228,1.4,79.8,6.1,64.5,56.8
STU_2229,0.7,95.3,6.1,48.7,45.8
STU_2230,2.4,89.6,7.4,94.8,81.5
STU_2231,1.4,72.9,5.9,81.4,54.5
STU_2232,2.3,81.4,6.6,62.0,61.9
STU_2233,0.6,89.3,7.6,68.3,57.6
STU_2234,2.3,93.1,6.2,64.2,61.9
STU_2235,1.1,80.2,8.5,89.2,63.8
STU_2236,2.2,61.2,8.2,55.2,51.8
STU_2237,1.8,90.4,5.7,72.8,65.2
STU_2238,1.2,75.6,6.3,70.3,58.1
STU_2239,1.5,68.9,5.0,81.0,55.9
STU_2240,2.2,61.9,6.4,70.3,56.2
STU_2241,1.8,92.9,7.8,51.3,61.3
STU_2242,2.1,87.1,6.7,68.6,63.4
STU_2243,3.0,84.1,7.5,60.3,72.5
STU_2244,0.8,97.8,5.7,72.4,57.4
STU_2245,2.8,91.4,7.8,88.0,82.5
STU_2246,1.8,99.7,6.6,51.5,59.2
STU_2247,1.2,74.2,7.1,62.3,51.6
STU_2248,1.0,85.7,7.0,65.1,52.6
STU_2249,1.7,72.3,6.0,67.1,45.6
STU_2250,2.3,84.1,6.1,80.0,70.6
STU_2251,1.7,83.9,8.0,69.5,66.0
STU_2252,2.7,91.3,7.5,76.3,76.6
STU_2253,0.9,86.4,8.0,64.3,60.5
STU_2254,1.8,91.3,7.4,74.1,69.5
STU_2255,1.0,92.0,7.2,80.4,62.9
STU_2256,2.0,100.0,5.5,63.1,57.6
STU_2257,2.3,83.3,6.9,80.5,71.6
STU_2258,1.5,78.0,7.1,72.1,64.8
STU_2259,0.3,88.1,8.9,83.5,60.7
STU_2260,1.9,79.2,7.7,69.2,64.7
STU_2261,2.0,98.6,8.5,75.9,74.8
STU_2262,2.0,83.6,7.6,71.0,63.9
STU_2263,2.5,81.2,6.5,70.4,70.5
STU_2264,1.1,82.0,7.2,74.5,65.6
STU_2265,2.2,92.1,7.3,77.7,72.3
STU_2266,2.5,84.7,6.3,57.1,60.2
STU_2267,0.7,80.5,6.8,88.0,62.2
STU_2268,2.0,100.0,6.9,50.1,54.2
STU_2269,1.5,78.7,8.5,63.6,61.1
STU_2270,1.7,86.3,5.2,70.4,58.8
STU_2271,2.0,91.5,8.2,76.2,76.7
STU_2272,1.5,72.1,6.3,89.6,60.2
STU_2273,1.4,90.1,5.9,50.1,54.0
STU_2274,1.8,77.0,8.2,65.7,60.0
STU_2275,1.1,93.0,7.8,47.0,51.2
STU_2276,1.1,77.8,8.2,71.9,55.4
STU_2277,2.2,91.9,7.8,74.6,71.5
STU_2278,1.1,95.4,9.0,89.8,71.5
STU_2279,2.2,93.3,7.6,72.9,72.4
STU_2280,2.1,88.1,7.0,83.5,71.4
STU_2281,0.8,84.0,7.4,78.2,60.9
STU_2282,1.4,81.1,8.2,66.5,59.7
STU_2283,2.5,98.5,6.4,55.3,65.0
STU_2284,1.2,80.1,6.5,74.7,60.4
STU_2285,1.5,77.2,6.8,54.3,53.8
STU_2286,2.1,91.7,5.2,86.4,70.7
STU_2287,2.3,79.2,7.2,69.6,66.9
STU_2288,1.6,77.9,5.4,85.2,60.2
STU_2289,1.4,73.7,7.1,66.0,50.9
STU_2290,2.6,81.9,7.9,74.6,71.0
STU_2291,2.8,85.3,6.7,73.9,72.5
STU_2292,2.4,88.1,8.6,71.0,78.5
STU_2293,1.8,94.1,5.8,66.5,60.8
STU_2294,1.3,90.5,8.2,76.0,65.2
STU_2295,1.3,84.4,7.7,60.8,56.5
STU_2296,2.1,84.3,5.6,57.6,58.9
STU_2297,2.0,90.3,9.5,85.8,76.2
STU_2298,2.6,96.8,7.0,79.9,78.3
STU_2299,2.2,87.1,6.3,72.3,63.0
STU_2300,0.9,82.0,5.8,90.6,67.2
STU_2301,2.4,77.6,6.9,68.4,68.6
STU_2302,1.2,73.7,7.0,86.7,54.7
STU_2303,1.6,91.7,7.2,73.5,59.4
STU_2304,1.9,90.9,6.8,59.7,59.1
STU_2305,3.0,90.9,7.7,92.8,84.9
STU_2306,3.7,84.9,6.8,82.9,92.1
STU_2307,2.1,98.0,5.4,70.1,64.8
STU_2308,1.7,81.9,7.0,79.9,61.8
STU_2309,2.1,94.1,5.0,66.9,58.4
STU_2310,2.3,85.7,7.4,81.0,73.5
STU_2311,1.6,80.8,6.2,44.0,50.9
STU_2312,2.9,91.0,7.2,59.8,66.4
STU_2313,1.9,89.5,8.3,82.8,73.0
STU_2314,2.1,89.0,6.2,68.6,64.0
STU_2315,2.2,86.7,8.1,73.9,67.8
STU_2316,2.0,85.7,6.7,56.0,60.8
STU_2317,2.3,100.0,8.7,92.8,85.8
STU_2318,1.4,96.1,6.8,85.2,72.6
STU_2319,1.5,92.1,6.3,69.2,64.3
STU_2320,1.1,87.0,7.7,66.8,57.7
STU_2321,2.0,94.6,6.7,83.3,75.6
STU_2322,2.3,90.4,6.3,94.3,79.8
STU_2323,2.1,86.2,6.7,82.5,72.4
STU_2324,2.8,83.4,7.1,96.5,81.3
STU_2325,1.8,85.3,8.3,60.9,61.0
STU_2326,2.2,59.1,5.4,62.1,46.3
STU_2327,1.1,87.8,7.1,57.8,62.1
STU_2328,1.6,81.8,7.7,76.6,66.9
STU_2329,2.2,99.5,7.3,73.5,70.9
STU_2330,2.3,86.2,8.3,69.8,67.8
STU_2331,1.6,75.9,7.0,80.8,64.1
STU_2332,1.7,85.6,6.9,85.7,76.9
STU_2333,0.9,77.1,7.6,54.0,48.8
STU_2334,1.6,90.0,7.2,64.6,64.8
STU_2335,2.3,88.5,6.7,80.9,72.2
STU_2336,2.1,94.1,7.6,66.1,68.8
STU_2337,2.1,79.3,6.5,62.3,64.1
STU_2338,1.8,86.3,6.5,83.2,68.0
STU_2339,1.8,74.4,6.6,56.7,48.2
STU_2340,1.4,92.0,8.3,68.0,68.8
STU_2341,2.2,90.4,4.2,75.3,65.9
STU_2342,2.0,90.2,7.5,64.9,68.1
STU_2343,2.1,86.0,7.1,80.5,74.0
STU_2344,1.5,89.5,5.6,65.0,60.7
STU_2345,0.5,99.6,7.4,87.7,71.8
STU_2346,2.4,83.6,7.5,70.1,69.7
STU_2347,1.5,87.2,7.6,79.2,69.1
STU_2348,1.3,76.8,4.7,80.1,51.3
STU_2349,2.2,78.6,8.3,64.3,63.1
STU_2350,1.6,86.8,6.4,47.9,49.8
STU_2351,2.4,95.4,7.7,75.6,78.6
STU_2352,2.2,83.8,7.8,72.3,61.7
STU_2353,2.2,84.0,6.3,77.9,68.6
STU_2354,1.0,82.5,7.7,68.9,49.3
STU_2355,2.5,81.5,6.8,66.6,65.0
STU_2356,1.9,88.5,5.2,94.6,68.1
STU_2357,1.6,73.3,8.2,54.6,53.7
STU_2358,1.9,96.9,6.4,79.9,72.5
STU_2359,0.7,80.3,6.3,64.9,49.5
STU_2360,2.0,92.1,6.7,67.6,69.5
STU_2361,1.2,75.2,7.3,67.9,57.3
STU_2362,1.0,91.7,7.0,62.3,56.8
STU_2363,0.9,91.7,7.6,78.1,59.7
STU_2364,2.5,89.3,5.9,87.5,73.8
STU_2365,1.4,77.5,6.4,76.9,59.5
STU_2366,2.7,88.1,7.0,72.7,73.4
STU_2367,1.5,75.9,8.8,60.2,58.7
STU_2368,0.8,83.9,7.0,77.4,64.4
STU_2369,1.1,94.8,8.1,96.3,75.0
STU_2370,2.5,92.8,7.1,67.1,62.5
STU_2371,1.7,86.1,6.7,67.2,63.3
STU_2372,1.5,77.7,6.9,65.0,54.1
STU_2373,1.9,91.5,6.9,65.9,62.0
STU_2374,2.1,86.2,7.6,40.0,52.9
STU_2375,2.5,66.3,8.3,76.2,62.1
STU_2376,2.7,92.7,7.4,61.8,66.1
STU_2377,1.6,85.8,8.2,53.0,58.2
STU_2378,1.0,96.2,6.2,80.2,59.9
STU_2379,1.5,76.7,6.7,59.1,56.5
STU_2380,1.9,59.0,6.4,67.6,58.5
STU_2381,1.2,88.4,7.4,88.4,64.9
STU_2382,1.2,88.5,6.8,55.3,53.4
STU_2383,2.0,71.6,7.8,53.9,43.9
STU_2384,1.8,77.7,6.3,74.6,63.1
STU_2385,1.8,100.0,7.1,84.7,76.1
STU_2386,1.3,83.4,7.7,53.4,56.5
STU_2387,1.6,92.2,5.2,76.2,60.6
STU_2388,1.2,80.5,9.0,78.2,67.7
STU_2389,2.3,68.2,6.8,47.8,56.8
STU_2390,2.4,84.6,5.3,80.7,72.0
STU_2391,0.7,83.7,7.2,81.6,59.4
STU_2392,1.2,82.6,7.1,67.9,54.3
STU_2393,0.9,85.0,7.0,85.9,63.1
STU_2394,1.4,88.2,8.0,84.6,66.8
STU_2395,1.7,84.7,7.8,72.7,67.3
STU_2396,0.9,75.3,7.4,66.3,50.9
STU_2397,1.2,90.1,7.5,60.3,57.4
STU_2398,1.2,69.4,7.0,71.1,53.5
STU_2399,1.9,68.6,8.7,78.1,61.0
STU_2400,1.8,92.3,5.8,67.8,60.8
